Date,Price,High,Low
2010-01-01,1097.35,1097.9,1097.05
2010-01-04,1120.4,1123.8,1093.45
2010-01-05,1119.05,1128.1,1115.25
2010-01-06,1138.9,1140.6,1116.0
2010-01-07,1132.3,1139.15,1128.6
2010-01-08,1136.6,1139.8,1119.95
2010-01-11,1153.0,1161.9,1137.2
2010-01-12,1127.7,1158.4,1125.35
2010-01-13,1138.8,1138.85,1119.75
2010-01-14,1143.25,1146.65,1131.15
2010-01-15,1130.9,1146.6,1127.5
2010-01-18,1133.0,1137.55,1126.75
2010-01-19,1138.1,1140.8,1129.0
2010-01-20,1111.7,1141.6,1107.4
2010-01-21,1095.15,1117.85,1088.7
2010-01-22,1093.0,1099.15,1082.3
2010-01-25,1098.25,1104.2,1091.05
2010-01-26,1098.05,1103.55,1085.8
2010-01-27,1086.85,1102.7,1083.65
2010-01-28,1086.3,1096.35,1074.15
2010-01-29,1081.55,1090.6,1074.85
2010-02-01,1107.35,1107.9,1076.8
2010-02-02,1115.2,1118.35,1099.0
2010-02-03,1109.65,1124.85,1107.2
2010-02-04,1063.45,1111.1,1059.5
2010-02-05,1065.45,1069.15,1044.25
2010-02-08,1063.75,1073.9,1061.9
2010-02-09,1077.3,1083.45,1061.8
2010-02-10,1072.85,1082.5,1063.5
2010-02-11,1095.35,1098.15,1071.35
2010-02-12,1093.4,1097.35,1078.55
2010-02-15,1101.0,1102.65,1092.0
2010-02-16,1119.95,1121.2,1097.85
2010-02-17,1115.2,1127.25,1111.7
2010-02-18,1123.9,1124.05,1098.2
2010-02-19,1118.85,1126.95,1098.95
2010-02-22,1113.7,1131.05,1109.7
2010-02-23,1102.05,1121.2,1099.35
2010-02-24,1096.4,1108.35,1089.85
2010-02-25,1106.1,1109.15,1088.6
2010-02-26,1116.5,1119.2,1104.4
2010-03-01,1117.35,1123.7,1112.05
2010-03-02,1134.65,1137.75,1115.1
2010-03-03,1139.5,1145.0,1132.4
2010-03-04,1132.0,1141.6,1126.1
2010-03-05,1132.05,1140.7,1127.0
2010-03-08,1122.4,1137.8,1118.55
2010-03-09,1120.1,1124.7,1108.95
2010-03-10,1108.2,1128.15,1103.25
2010-03-11,1109.45,1111.65,1100.44
2010-03-12,1102.45,1119.45,1098.65
2010-03-15,1109.1,1109.8,1100.35
2010-03-16,1125.7,1129.45,1109.05
2010-03-17,1125.05,1133.8,1118.85
2010-03-18,1125.95,1129.55,1118.4
2010-03-19,1107.55,1127.5,1101.95
2010-03-22,1102.3,1108.85,1092.75
2010-03-23,1102.65,1108.05,1094.8
2010-03-24,1087.5,1105.4,1085.35
2010-03-25,1091.35,1095.95,1085.45
2010-03-26,1106.6,1110.65,1088.85
2010-03-29,1109.2,1115.45,1104.35
2010-03-30,1103.6,1114.15,1102.45
2010-03-31,1113.8,1118.9,1102.45
2010-04-01,1126.5,1128.75,1112.35
2010-04-02,1120.5,1125.0,1120.0
2010-04-05,1130.7,1134.2,1119.2
2010-04-06,1134.2,1138.9,1123.0
2010-04-07,1148.0,1153.25,1132.8
2010-04-08,1151.15,1154.65,1144.4
2010-04-09,1160.9,1165.35,1149.7
2010-04-12,1152.0,1169.19,1152.0
2010-04-13,1151.15,1157.9,1145.75
2010-04-14,1154.9,1162.6,1150.8
2010-04-15,1158.95,1162.3,1150.85
2010-04-16,1137.45,1160.45,1130.65
2010-04-19,1135.6,1138.45,1124.15
2010-04-20,1140.5,1146.3,1133.45
2010-04-21,1146.3,1150.9,1138.25
2010-04-22,1141.45,1149.5,1132.15
2010-04-23,1157.4,1158.0,1135.45
2010-04-26,1154.88,1160.23,1151.05
2010-04-27,1172.93,1172.93,1146.55
2010-04-28,1165.45,1174.68,1160.65
2010-04-29,1167.1,1171.75,1162.55
2010-04-30,1179.25,1182.05,1161.88
2010-05-03,1182.4,1187.91,1176.3
2010-05-04,1171.65,1192.4,1167.16
2010-05-05,1175.2,1177.31,1158.2
2010-05-06,1208.75,1211.35,1173.35
2010-05-07,1208.3,1213.85,1193.15
2010-05-10,1202.4,1206.0,1184.35
2010-05-11,1232.55,1234.15,1200.7
2010-05-12,1237.35,1249.15,1227.4
2010-05-13,1232.33,1243.35,1227.95
2010-05-14,1233.05,1249.45,1219.55
2010-05-17,1223.75,1243.1,1219.45
2010-05-18,1221.7,1229.85,1207.35
2010-05-19,1191.75,1228.1,1187.62
2010-05-20,1183.1,1198.8,1175.35
2010-05-21,1177.15,1189.35,1168.5
2010-05-24,1192.05,1197.0,1176.48
2010-05-25,1201.1,1204.95,1185.9
2010-05-26,1210.9,1217.21,1201.1
2010-05-27,1212.1,1219.35,1206.6
2010-05-28,1214.81,1216.15,1203.01
2010-05-31,1216.21,1218.3,1210.2
2010-06-01,1225.3,1231.2,1215.05
2010-06-02,1223.85,1227.95,1214.65
2010-06-03,1208.05,1224.95,1201.15
2010-06-04,1220.0,1220.7,1197.65
2010-06-07,1240.05,1245.35,1211.15
2010-06-08,1235.63,1252.2,1233.85
2010-06-09,1232.35,1242.5,1223.75
2010-06-10,1217.8,1234.25,1215.15
2010-06-11,1227.4,1231.7,1216.75
2010-06-14,1222.15,1235.0,1217.05
2010-06-15,1234.45,1237.35,1220.3
2010-06-16,1231.6,1238.65,1227.8
2010-06-17,1245.35,1251.65,1229.9
2010-06-18,1257.35,1262.9,1242.0
2010-06-21,1232.15,1265.4,1230.95
2010-06-22,1239.5,1243.1,1231.65
2010-06-23,1237.2,1247.1,1225.3
2010-06-24,1244.55,1248.35,1228.25
2010-06-25,1255.5,1258.65,1241.35
2010-06-28,1238.05,1263.45,1236.42
2010-06-29,1240.95,1245.3,1227.35
2010-06-30,1242.35,1248.55,1235.45
2010-07-01,1199.65,1244.5,1197.3
2010-07-02,1211.6,1223.35,1197.0
2010-07-05,1208.95,1215.35,1206.55
2010-07-06,1194.25,1215.25,1191.3
2010-07-07,1202.35,1204.25,1185.55
2010-07-08,1198.45,1209.7,1189.35
2010-07-09,1212.0,1213.85,1194.7
2010-07-12,1196.85,1214.0,1196.85
2010-07-13,1211.65,1218.6,1195.3
2010-07-14,1208.5,1218.85,1203.16
2010-07-15,1208.55,1217.95,1204.55
2010-07-16,1193.65,1211.0,1186.35
2010-07-19,1183.7,1195.1,1177.65
2010-07-20,1192.3,1194.3,1175.85
2010-07-21,1186.0,1198.05,1183.35
2010-07-22,1194.95,1200.6,1181.05
2010-07-23,1189.1,1203.95,1183.81
2010-07-26,1182.5,1195.3,1179.65
2010-07-27,1162.3,1187.75,1158.15
2010-07-28,1163.55,1166.35,1157.4
2010-07-29,1166.93,1169.8,1159.65
2010-07-30,1180.9,1183.95,1166.0
2010-08-02,1181.85,1191.4,1175.5
2010-08-03,1185.7,1191.35,1179.75
2010-08-04,1195.75,1203.35,1184.4
2010-08-05,1195.1,1200.55,1190.65
2010-08-06,1205.3,1213.61,1193.1
2010-08-09,1201.4,1210.55,1199.9
2010-08-10,1203.85,1208.05,1191.5
2010-08-11,1197.75,1209.75,1194.15
2010-08-12,1213.2,1217.25,1197.85
2010-08-13,1215.55,1219.35,1212.55
2010-08-16,1224.85,1229.15,1214.55
2010-08-17,1224.9,1230.45,1224.1
2010-08-18,1229.55,1233.35,1218.4
2010-08-19,1232.1,1239.15,1229.3
2010-08-20,1228.05,1233.05,1222.25
2010-08-23,1225.4,1233.85,1223.65
2010-08-24,1229.75,1236.0,1210.6
2010-08-25,1240.1,1242.35,1229.65
2010-08-26,1236.05,1246.0,1235.85
2010-08-27,1238.2,1244.25,1233.75
2010-08-30,1236.8,1238.8,1233.8
2010-08-31,1247.65,1251.9,1233.75
2010-09-01,1244.35,1255.15,1242.75
2010-09-02,1251.25,1253.8,1243.5
2010-09-03,1247.1,1255.1,1237.0
2010-09-06,1250.05,1251.45,1247.05
2010-09-07,1255.4,1260.3,1244.5
2010-09-08,1255.2,1262.75,1253.5
2010-09-09,1244.1,1259.3,1242.7
2010-09-10,1246.45,1251.65,1237.05
2010-09-13,1245.45,1249.7,1241.45
2010-09-14,1268.85,1275.25,1244.5
2010-09-15,1268.05,1272.35,1263.45
2010-09-16,1275.55,1278.7,1265.65
2010-09-17,1274.9,1284.25,1273.1
2010-09-20,1278.35,1285.2,1275.5
2010-09-21,1286.95,1292.7,1271.85
2010-09-22,1291.35,1296.6,1285.8
2010-09-23,1292.55,1297.35,1288.25
2010-09-24,1296.95,1300.95,1292.3
2010-09-27,1295.0,1301.0,1293.5
2010-09-28,1309.1,1311.1,1283.6
2010-09-29,1309.9,1314.2,1306.15
2010-09-30,1309.5,1316.8,1296.9
2010-10-01,1318.8,1322.3,1307.1
2010-10-04,1315.25,1321.0,1313.25
2010-10-05,1340.75,1342.2,1312.25
2010-10-06,1349.4,1350.8,1339.65
2010-10-07,1333.7,1365.6,1326.55
2010-10-08,1346.8,1350.2,1325.35
2010-10-11,1353.95,1356.15,1340.85
2010-10-12,1350.6,1356.3,1341.45
2010-10-13,1372.1,1375.15,1349.4
2010-10-14,1381.3,1388.1,1371.25
2010-10-15,1369.15,1386.25,1363.2
2010-10-18,1369.8,1375.3,1353.05
2010-10-19,1335.45,1372.05,1329.3
2010-10-20,1346.35,1348.2,1330.8
2010-10-21,1325.5,1350.05,1318.74
2010-10-22,1328.2,1329.35,1316.09
2010-10-25,1340.45,1350.2,1331.8
2010-10-26,1339.9,1343.9,1328.41
2010-10-27,1325.3,1344.0,1319.24
2010-10-28,1344.35,1346.5,1323.55
2010-10-29,1359.55,1359.95,1335.56
2010-11-01,1351.75,1366.49,1349.8
2010-11-02,1357.5,1359.95,1350.7
2010-11-03,1348.65,1365.25,1324.64
2010-11-04,1392.75,1393.66,1346.75
2010-11-05,1393.9,1398.35,1374.15
2010-11-08,1409.45,1410.7,1387.14
2010-11-09,1390.95,1425.36,1383.74
2010-11-10,1403.75,1410.8,1384.25
2010-11-11,1409.35,1418.25,1396.95
2010-11-12,1368.95,1410.61,1360.26
2010-11-15,1359.49,1377.16,1355.59
2010-11-16,1340.85,1364.85,1329.85
2010-11-17,1337.25,1345.2,1331.3
2010-11-18,1353.85,1359.55,1335.59
2010-11-19,1353.5,1363.29,1341.9
2010-11-22,1366.35,1368.11,1348.55
2010-11-23,1377.2,1382.4,1356.35
2010-11-24,1374.9,1381.7,1369.6
2010-11-25,1374.62,1375.4,1368.25
2010-11-26,1364.42,1375.16,1350.64
2010-11-29,1368.37,1371.13,1354.97
2010-11-30,1384.85,1390.15,1363.04
2010-12-01,1387.1,1397.11,1382.15
2010-12-02,1384.65,1398.6,1382.95
2010-12-03,1415.05,1415.91,1383.55
2010-12-06,1423.55,1427.51,1409.15
2010-12-07,1401.89,1431.45,1396.49
2010-12-08,1382.1,1404.42,1371.85
2010-12-09,1387.64,1394.54,1379.68
2010-12-10,1386.05,1392.55,1372.3
2010-12-13,1393.76,1399.44,1380.55
2010-12-14,1396.25,1408.1,1392.05
2010-12-15,1379.8,1397.4,1377.39
2010-12-16,1369.7,1386.75,1361.75
2010-12-17,1375.41,1379.36,1365.05
2010-12-20,1384.65,1388.45,1376.24
2010-12-21,1385.74,1392.39,1381.16
2010-12-22,1385.0,1391.2,1382.04
2010-12-23,1380.35,1388.96,1372.61
2010-12-24,1384.75,1386.14,1378.82
2010-12-27,1384.1,1386.7,1372.75
2010-12-28,1406.39,1407.15,1382.45
2010-12-29,1410.95,1414.35,1400.75
2010-12-30,1404.45,1414.95,1402.55
2010-12-31,1421.45,1423.15,1405.25
2011-01-03,1414.3,1424.07,1412.24
2011-01-04,1380.6,1417.59,1372.38
2011-01-05,1377.48,1385.73,1364.48
2011-01-06,1371.4,1380.2,1364.95
2011-01-07,1369.6,1379.74,1353.3
2011-01-10,1375.05,1376.5,1365.64
2011-01-11,1382.45,1386.96,1372.9
2011-01-12,1386.5,1389.4,1376.65
2011-01-13,1374.36,1393.61,1370.17
2011-01-14,1361.85,1378.35,1355.49
2011-01-17,1362.78,1366.22,1357.47
2011-01-18,1367.76,1376.61,1360.01
2011-01-19,1370.2,1379.16,1365.7
2011-01-20,1345.85,1371.55,1343.0
2011-01-21,1342.51,1350.7,1337.95
2011-01-24,1334.7,1353.4,1333.85
2011-01-25,1333.75,1338.75,1323.05
2011-01-26,1345.89,1346.76,1325.06
2011-01-27,1311.49,1341.64,1309.09
2011-01-28,1335.35,1347.21,1308.56
2011-01-31,1332.19,1346.18,1323.29
2011-02-01,1340.6,1343.6,1325.65
2011-02-02,1336.8,1343.79,1326.8
2011-02-03,1353.2,1356.15,1325.14
2011-02-04,1349.25,1358.43,1345.3
2011-02-07,1349.1,1353.4,1343.13
2011-02-08,1364.0,1368.18,1348.45
2011-02-09,1362.95,1367.4,1358.36
2011-02-10,1362.01,1366.57,1350.78
2011-02-11,1356.1,1368.51,1353.99
2011-02-14,1362.31,1367.15,1354.45
2011-02-15,1373.4,1376.85,1360.85
2011-02-16,1375.11,1382.29,1368.45
2011-02-17,1383.67,1385.28,1374.43
2011-02-18,1387.3,1392.15,1382.0
2011-02-21,1406.45,1408.7,1388.45
2011-02-22,1398.15,1411.26,1393.14
2011-02-23,1410.45,1416.8,1395.7
2011-02-24,1400.25,1418.42,1392.0
2011-02-25,1409.25,1412.14,1399.54
2011-02-28,1411.65,1416.6,1404.6
2011-03-01,1433.85,1435.0,1409.35
2011-03-02,1434.95,1440.5,1427.9
2011-03-03,1416.4,1436.55,1410.36
2011-03-04,1429.3,1432.36,1413.41
2011-03-07,1433.17,1445.03,1428.28
2011-03-08,1428.89,1437.16,1423.7
2011-03-09,1429.5,1436.55,1423.31
2011-03-10,1413.45,1431.75,1403.12
2011-03-11,1417.4,1424.55,1404.7
2011-03-14,1428.65,1433.89,1419.79
2011-03-15,1395.95,1429.49,1382.9
2011-03-16,1401.3,1408.35,1393.85
2011-03-17,1404.4,1406.95,1388.25
2011-03-18,1419.55,1425.7,1403.4
2011-03-21,1427.05,1436.7,1425.19
2011-03-22,1428.55,1428.74,1424.86
2011-03-23,1438.2,1442.9,1427.61
2011-03-24,1431.1,1449.4,1425.2
2011-03-25,1429.65,1438.7,1422.79
2011-03-28,1420.65,1430.04,1411.95
2011-03-29,1418.8,1425.1,1412.85
2011-03-30,1423.88,1430.5,1412.25
2011-03-31,1432.0,1441.3,1422.25
2011-04-01,1428.38,1436.55,1413.05
2011-04-04,1436.94,1438.94,1427.79
2011-04-05,1451.1,1457.35,1430.1
2011-04-06,1457.5,1462.41,1451.6
2011-04-07,1458.5,1466.8,1454.09
2011-04-08,1475.1,1476.85,1458.25
2011-04-11,1463.4,1476.61,1459.2
2011-04-12,1453.6,1467.5,1443.89
2011-04-13,1457.75,1462.3,1450.96
2011-04-14,1474.9,1477.3,1454.8
2011-04-15,1486.5,1489.9,1473.2
2011-04-18,1495.51,1497.64,1477.59
2011-04-19,1495.1,1501.31,1489.3
2011-04-20,1502.35,1507.7,1495.16
2011-04-21,1504.35,1510.75,1502.35
2011-04-22,1508.13,1512.95,1502.15
2011-04-25,1507.25,1520.1,1503.7
2011-04-26,1507.05,1507.91,1493.0
2011-04-27,1526.9,1530.4,1503.3
2011-04-28,1535.45,1538.85,1524.25
2011-04-29,1565.6,1571.3,1533.0
2011-05-02,1545.0,1576.29,1540.89
2011-05-03,1536.83,1551.8,1527.96
2011-05-04,1515.95,1543.46,1506.5
2011-05-05,1473.65,1523.69,1464.4
2011-05-06,1495.25,1498.59,1471.05
2011-05-09,1513.05,1514.31,1489.99
2011-05-10,1515.72,1519.65,1506.17
2011-05-11,1500.25,1526.8,1496.15
2011-05-12,1502.85,1508.3,1479.3
2011-05-13,1494.55,1516.93,1483.03
2011-05-16,1489.7,1504.9,1487.89
2011-05-17,1486.85,1499.6,1473.5
2011-05-18,1497.0,1501.6,1486.3
2011-05-19,1493.6,1501.51,1488.4
2011-05-20,1513.55,1517.55,1488.95
2011-05-23,1517.2,1518.01,1504.05
2011-05-24,1526.4,1529.45,1515.0
2011-05-25,1525.95,1534.1,1523.06
2011-05-26,1519.05,1531.7,1515.39
2011-05-27,1536.65,1540.1,1520.0
2011-05-30,1538.45,1540.0,1534.39
2011-05-31,1535.35,1542.5,1534.26
2011-06-01,1540.7,1550.64,1529.55
2011-06-02,1533.9,1546.16,1521.6
2011-06-03,1542.5,1547.46,1525.89
2011-06-06,1544.0,1555.3,1542.2
2011-06-07,1544.25,1550.5,1536.7
2011-06-08,1537.55,1548.09,1532.76
2011-06-09,1544.35,1551.3,1534.9
2011-06-10,1531.9,1546.99,1527.74
2011-06-13,1515.23,1533.06,1511.61
2011-06-14,1524.1,1527.8,1513.95
2011-06-15,1530.7,1534.25,1514.36
2011-06-16,1528.85,1532.8,1522.4
2011-06-17,1539.5,1542.15,1522.5
2011-06-20,1540.45,1546.4,1533.24
2011-06-21,1546.2,1548.4,1538.55
2011-06-22,1547.8,1559.75,1543.1
2011-06-23,1520.85,1550.85,1514.7
2011-06-24,1502.15,1527.41,1500.41
2011-06-27,1497.0,1507.29,1492.3
2011-06-28,1501.0,1506.56,1496.0
2011-06-29,1512.05,1513.19,1500.5
2011-06-30,1500.1,1514.21,1498.7
2011-07-01,1486.5,1504.19,1480.01
2011-07-04,1495.95,1497.06,1485.91
2011-07-05,1516.3,1517.09,1493.0
2011-07-06,1529.5,1535.45,1511.89
2011-07-07,1532.55,1536.2,1524.81
2011-07-08,1544.25,1547.3,1526.2
2011-07-11,1554.1,1557.09,1541.9
2011-07-12,1567.2,1574.96,1542.3
2011-07-13,1582.25,1587.96,1564.35
2011-07-14,1587.25,1594.66,1579.3
2011-07-15,1594.1,1595.65,1577.81
2011-07-18,1605.4,1609.01,1593.59
2011-07-19,1588.35,1610.01,1582.59
2011-07-20,1602.1,1603.69,1583.0
2011-07-21,1589.9,1606.16,1586.59
2011-07-22,1599.25,1609.01,1585.36
2011-07-25,1614.55,1622.99,1599.28
2011-07-26,1619.3,1620.49,1608.29
2011-07-27,1613.5,1628.5,1608.96
2011-07-28,1616.85,1620.1,1603.4
2011-07-29,1626.64,1632.8,1610.64
2011-08-01,1620.1,1633.66,1609.69
2011-08-02,1659.75,1661.05,1616.29
2011-08-03,1661.2,1673.15,1652.0
2011-08-04,1648.4,1682.17,1640.09
2011-08-05,1665.0,1670.1,1642.4
2011-08-08,1717.35,1720.49,1662.67
2011-08-09,1743.9,1778.79,1714.75
2011-08-10,1795.0,1797.36,1740.0
2011-08-11,1767.9,1815.79,1734.1
2011-08-12,1746.6,1768.3,1723.55
2011-08-15,1765.5,1766.44,1728.01
2011-08-16,1786.3,1788.2,1761.99
2011-08-17,1788.65,1794.9,1779.39
2011-08-18,1824.35,1829.0,1784.34
2011-08-19,1852.45,1877.5,1821.35
2011-08-22,1898.1,1901.19,1858.2
2011-08-23,1830.15,1911.96,1823.5
2011-08-24,1751.05,1854.11,1749.89
2011-08-25,1771.6,1774.9,1703.45
2011-08-26,1828.55,1829.15,1757.24
2011-08-29,1788.45,1839.24,1776.64
2011-08-30,1835.3,1840.26,1784.05
2011-08-31,1823.8,1839.7,1812.89
2011-09-01,1825.05,1830.6,1814.65
2011-09-02,1884.2,1884.9,1824.0
2011-09-05,1900.49,1904.2,1875.3
2011-09-06,1873.72,1921.11,1860.91
2011-09-07,1816.96,1880.61,1793.69
2011-09-08,1868.76,1870.3,1812.99
2011-09-09,1857.81,1885.89,1824.94
2011-09-12,1813.75,1861.6,1801.09
2011-09-13,1833.8,1843.7,1799.25
2011-09-14,1819.7,1844.89,1808.29
2011-09-15,1789.14,1826.49,1772.54
2011-09-16,1811.95,1822.2,1763.05
2011-09-19,1778.75,1828.47,1770.7
2011-09-20,1803.75,1811.4,1770.24
2011-09-21,1781.79,1816.76,1778.8
2011-09-22,1735.83,1786.19,1721.84
2011-09-23,1656.59,1756.01,1629.99
2011-09-26,1627.35,1662.99,1534.99
2011-09-27,1649.95,1677.19,1614.91
2011-09-28,1608.8,1668.85,1598.7
2011-09-29,1614.55,1634.09,1583.3
2011-09-30,1623.75,1640.49,1607.19
2011-10-03,1660.95,1664.46,1618.35
2011-10-04,1624.3,1678.86,1596.0
2011-10-05,1640.9,1646.7,1597.25
2011-10-06,1650.63,1655.65,1632.24
2011-10-07,1639.45,1666.55,1625.95
2011-10-10,1675.44,1678.1,1638.09
2011-10-11,1663.1,1685.22,1654.46
2011-10-12,1677.2,1692.1,1660.39
2011-10-13,1666.7,1684.39,1653.19
2011-10-14,1679.95,1684.26,1661.5
2011-10-17,1670.65,1696.1,1666.44
2011-10-18,1655.15,1677.22,1627.2
2011-10-19,1641.8,1665.39,1639.4
2011-10-20,1619.1,1645.0,1603.99
2011-10-21,1641.02,1648.59,1611.44
2011-10-24,1652.68,1662.09,1635.6
2011-10-25,1705.35,1710.8,1645.24
2011-10-26,1725.75,1728.5,1696.7
2011-10-27,1744.45,1750.11,1705.74
2011-10-28,1742.95,1752.85,1733.0
2011-10-31,1715.25,1746.5,1706.59
2011-11-01,1720.3,1725.29,1683.74
2011-11-02,1737.0,1745.89,1715.74
2011-11-03,1763.15,1767.9,1722.84
2011-11-04,1754.15,1764.9,1750.0
2011-11-07,1795.86,1798.69,1752.89
2011-11-08,1785.0,1803.1,1777.1
2011-11-09,1772.24,1799.64,1764.14
2011-11-10,1759.2,1775.85,1736.55
2011-11-11,1788.99,1789.41,1746.05
2011-11-14,1781.0,1796.16,1773.59
2011-11-15,1781.4,1785.85,1760.54
2011-11-16,1762.35,1784.14,1754.25
2011-11-17,1719.1,1767.16,1710.05
2011-11-18,1723.05,1737.79,1711.34
2011-11-21,1680.85,1726.64,1666.54
2011-11-22,1699.2,1705.8,1671.55
2011-11-23,1693.3,1710.77,1677.94
2011-11-24,1694.75,1702.23,1687.69
2011-11-25,1680.13,1697.9,1672.09
2011-11-28,1712.3,1720.49,1680.8
2011-11-29,1716.75,1720.76,1704.11
2011-11-30,1745.7,1750.23,1701.0
2011-12-01,1745.25,1754.86,1734.1
2011-12-02,1745.25,1762.61,1738.15
2011-12-05,1721.64,1755.3,1718.44
2011-12-06,1728.2,1733.46,1702.85
2011-12-07,1742.1,1743.26,1720.65
2011-12-08,1708.8,1754.7,1704.51
2011-12-09,1711.1,1724.3,1703.54
2011-12-12,1666.3,1715.05,1657.9
2011-12-13,1632.1,1678.3,1622.75
2011-12-14,1575.1,1641.89,1564.85
2011-12-15,1570.7,1594.26,1561.07
2011-12-16,1597.95,1600.95,1568.86
2011-12-19,1594.1,1608.5,1583.44
2011-12-20,1615.65,1619.12,1592.35
2011-12-21,1615.15,1642.36,1606.4
2011-12-22,1604.7,1617.36,1599.15
2011-12-23,1606.6,1614.31,1603.15
2011-12-26,1605.82,1612.15,1597.86
2011-12-27,1592.9,1607.79,1589.75
2011-12-28,1553.0,1593.81,1550.1
2011-12-29,1546.7,1561.51,1522.64
2011-12-30,1564.3,1581.26,1544.75
2012-01-02,1566.27,1569.61,1565.37
2012-01-03,1604.14,1607.45,1565.85
2012-01-04,1612.4,1618.92,1593.1
2012-01-05,1623.0,1625.86,1596.74
2012-01-06,1616.85,1630.56,1608.89
2012-01-09,1611.5,1623.69,1604.94
2012-01-10,1631.56,1640.27,1608.62
2012-01-11,1641.8,1647.4,1630.29
2012-01-12,1650.1,1662.12,1640.39
2012-01-13,1639.35,1650.75,1626.06
2012-01-16,1643.4,1647.35,1631.44
2012-01-17,1651.74,1667.87,1641.45
2012-01-18,1661.25,1662.5,1642.74
2012-01-19,1657.6,1670.15,1648.94
2012-01-20,1666.9,1667.11,1644.69
2012-01-23,1677.0,1681.66,1662.59
2012-01-24,1665.2,1679.89,1661.29
2012-01-25,1711.9,1713.3,1649.19
2012-01-26,1721.5,1730.62,1703.65
2012-01-27,1738.89,1738.91,1714.8
2012-01-30,1730.05,1739.35,1716.69
2012-01-31,1739.43,1747.79,1726.8
2012-02-01,1743.6,1751.56,1732.95
2012-02-02,1759.99,1761.57,1741.49
2012-02-03,1725.3,1763.76,1724.35
2012-02-06,1720.3,1738.09,1711.79
2012-02-07,1746.5,1750.2,1709.79
2012-02-08,1733.55,1751.86,1724.95
2012-02-09,1729.6,1751.9,1725.69
2012-02-10,1719.85,1734.8,1704.14
2012-02-13,1722.5,1733.61,1716.47
2012-02-14,1720.1,1727.81,1712.2
2012-02-15,1729.01,1737.47,1718.52
2012-02-16,1728.7,1730.01,1705.49
2012-02-17,1722.45,1735.95,1717.45
2012-02-20,1734.0,1737.3,1723.67
2012-02-21,1759.15,1760.21,1731.09
2012-02-22,1777.55,1781.8,1749.54
2012-02-23,1780.1,1787.61,1772.29
2012-02-24,1773.49,1783.11,1770.74
2012-02-27,1766.3,1779.59,1762.24
2012-02-28,1785.85,1789.96,1766.0
2012-02-29,1695.2,1790.8,1688.49
2012-03-01,1716.55,1726.21,1694.7
2012-03-02,1712.3,1724.19,1705.19
2012-03-05,1706.7,1716.76,1694.64
2012-03-06,1674.0,1709.0,1664.35
2012-03-07,1684.95,1688.42,1671.35
2012-03-08,1700.65,1703.86,1682.85
2012-03-09,1713.09,1714.59,1677.84
2012-03-12,1700.53,1714.3,1692.84
2012-03-13,1675.5,1705.97,1662.6
2012-03-14,1643.6,1683.45,1635.59
2012-03-15,1658.23,1666.79,1636.59
2012-03-16,1660.65,1665.01,1639.8
2012-03-19,1664.55,1671.4,1654.14
2012-03-20,1650.35,1666.29,1643.29
2012-03-21,1650.5,1661.65,1646.91
2012-03-22,1644.85,1658.01,1629.68
2012-03-23,1662.26,1666.74,1642.38
2012-03-26,1689.98,1694.0,1655.6
2012-03-27,1680.05,1696.81,1679.11
2012-03-28,1662.18,1684.41,1655.11
2012-03-29,1661.38,1665.29,1645.39
2012-03-30,1668.9,1671.11,1659.91
2012-04-02,1677.75,1680.09,1676.2
2012-04-03,1645.33,1681.16,1639.24
2012-04-04,1620.23,1648.15,1612.3
2012-04-05,1631.25,1633.67,1620.15
2012-04-06,1639.49,1639.49,1628.49
2012-04-09,1641.28,1649.0,1627.7
2012-04-10,1660.35,1663.1,1632.2
2012-04-11,1657.95,1662.9,1653.44
2012-04-12,1675.48,1680.2,1651.29
2012-04-13,1659.0,1678.31,1649.51
2012-04-16,1652.1,1657.8,1641.14
2012-04-17,1649.9,1657.71,1635.05
2012-04-18,1642.07,1656.05,1639.29
2012-04-19,1643.6,1655.0,1632.8
2012-04-20,1642.7,1647.31,1638.95
2012-04-23,1638.7,1644.9,1621.99
2012-04-24,1641.0,1649.52,1633.95
2012-04-25,1644.7,1646.53,1624.47
2012-04-26,1656.9,1662.6,1643.15
2012-04-27,1662.05,1667.72,1650.55
2012-04-30,1664.36,1666.58,1644.98
2012-05-01,1662.1,1673.2,1658.59
2012-05-02,1653.5,1663.4,1646.71
2012-05-03,1635.76,1653.72,1631.17
2012-05-04,1642.83,1647.27,1626.91
2012-05-07,1639.15,1644.4,1634.21
2012-05-08,1605.0,1639.52,1595.55
2012-05-09,1589.34,1606.64,1579.78
2012-05-10,1593.66,1602.2,1586.07
2012-05-11,1580.05,1595.37,1573.9
2012-05-14,1556.85,1585.89,1556.0
2012-05-15,1544.45,1564.06,1541.6
2012-05-16,1540.05,1553.8,1529.0
2012-05-17,1574.0,1581.7,1538.8
2012-05-18,1593.09,1598.68,1569.05
2012-05-21,1592.65,1600.79,1586.8
2012-05-22,1568.95,1596.03,1563.29
2012-05-23,1562.0,1570.35,1535.41
2012-05-24,1559.0,1579.5,1553.15
2012-05-25,1573.45,1574.57,1551.9
2012-05-28,1573.33,1584.0,1571.13
2012-05-29,1555.75,1582.9,1548.64
2012-05-30,1562.45,1569.77,1532.1
2012-05-31,1560.7,1574.3,1554.09
2012-06-01,1626.25,1630.02,1545.3
2012-06-04,1618.4,1629.69,1610.71
2012-06-05,1617.1,1623.91,1612.71
2012-06-06,1620.4,1641.11,1614.34
2012-06-07,1589.0,1629.41,1579.75
2012-06-08,1594.45,1595.47,1562.05
2012-06-11,1596.45,1608.35,1582.89
2012-06-12,1610.05,1618.01,1586.9
2012-06-13,1618.35,1624.97,1606.2
2012-06-14,1623.32,1627.79,1610.0
2012-06-15,1626.76,1633.7,1619.59
2012-06-18,1628.4,1630.31,1607.1
2012-06-19,1618.07,1633.51,1617.51
2012-06-20,1605.9,1623.01,1590.9
2012-06-21,1565.3,1607.29,1564.49
2012-06-22,1572.15,1573.81,1558.8
2012-06-25,1584.6,1588.51,1566.35
2012-06-26,1572.15,1587.31,1567.95
2012-06-27,1574.3,1581.91,1563.15
2012-06-28,1551.9,1579.31,1547.85
2012-06-29,1598.6,1607.19,1550.94
2012-07-02,1596.35,1602.51,1587.45
2012-07-03,1616.65,1626.7,1596.59
2012-07-04,1615.63,1620.59,1611.94
2012-07-05,1604.75,1625.8,1598.89
2012-07-06,1582.9,1610.0,1576.7
2012-07-09,1587.15,1593.3,1576.39
2012-07-10,1566.5,1602.9,1565.89
2012-07-11,1576.9,1583.41,1565.41
2012-07-12,1572.4,1578.36,1554.95
2012-07-13,1589.05,1597.11,1566.25
2012-07-16,1589.35,1595.3,1578.79
2012-07-17,1582.75,1600.5,1572.66
2012-07-18,1573.8,1587.16,1568.84
2012-07-19,1582.05,1593.0,1573.64
2012-07-20,1583.63,1587.91,1574.04
2012-07-23,1576.9,1584.26,1564.49
2012-07-24,1580.5,1584.66,1568.35
2012-07-25,1605.38,1611.41,1579.94
2012-07-26,1616.2,1622.02,1601.5
2012-07-27,1623.28,1629.6,1611.99
2012-07-30,1621.1,1626.7,1614.85
2012-07-31,1613.9,1628.31,1610.95
2012-08-01,1599.2,1618.9,1592.35
2012-08-02,1590.35,1614.9,1585.1
2012-08-03,1604.3,1606.91,1586.74
2012-08-06,1611.0,1615.61,1602.85
2012-08-07,1611.18,1618.41,1609.09
2012-08-08,1611.9,1617.01,1603.55
2012-08-09,1617.7,1618.72,1609.85
2012-08-10,1620.05,1626.56,1605.7
2012-08-13,1610.15,1625.82,1607.71
2012-08-14,1598.65,1616.81,1594.71
2012-08-15,1603.38,1606.4,1590.19
2012-08-16,1614.8,1618.99,1600.79
2012-08-17,1615.8,1620.1,1611.9
2012-08-20,1620.7,1623.01,1610.2
2012-08-21,1638.5,1641.81,1618.66
2012-08-22,1654.0,1656.41,1634.87
2012-08-23,1670.65,1675.41,1652.41
2012-08-24,1670.35,1673.81,1662.79
2012-08-27,1664.1,1676.95,1663.09
2012-08-28,1667.03,1672.7,1657.44
2012-08-29,1656.55,1670.15,1652.97
2012-08-30,1656.15,1664.51,1651.8
2012-08-31,1691.15,1693.32,1647.34
2012-09-03,1692.4,1695.61,1685.7
2012-09-04,1696.4,1700.45,1689.96
2012-09-05,1693.65,1696.37,1687.65
2012-09-06,1701.65,1713.52,1691.65
2012-09-07,1736.5,1741.8,1689.2
2012-09-10,1725.8,1740.26,1724.91
2012-09-11,1731.75,1737.91,1725.45
2012-09-12,1731.5,1746.7,1725.79
2012-09-13,1766.9,1772.87,1717.25
2012-09-14,1772.48,1778.01,1765.04
2012-09-17,1761.45,1776.76,1754.59
2012-09-18,1770.95,1773.61,1752.95
2012-09-19,1769.8,1768.35,1765.65
2012-09-20,1766.7,1772.5,1756.1
2012-09-21,1773.05,1787.81,1766.4
2012-09-24,1764.15,1773.39,1755.8
2012-09-25,1760.65,1775.51,1758.41
2012-09-26,1752.2,1766.01,1738.11
2012-09-27,1777.9,1780.81,1751.36
2012-09-28,1771.22,1783.63,1767.53
2012-10-01,1774.4,1791.81,1763.55
2012-10-02,1778.0,1784.81,1771.57
2012-10-03,1779.15,1782.31,1771.0
2012-10-04,1790.55,1796.9,1779.19
2012-10-05,1780.98,1796.19,1772.84
2012-10-08,1774.9,1780.9,1766.75
2012-10-09,1764.15,1779.96,1760.55
2012-10-10,1762.55,1768.41,1757.47
2012-10-11,1768.8,1775.31,1758.7
2012-10-12,1754.25,1773.6,1752.34
2012-10-15,1736.1,1753.6,1729.36
2012-10-16,1747.8,1748.61,1734.9
2012-10-17,1750.3,1753.81,1743.2
2012-10-18,1741.7,1752.4,1738.41
2012-10-19,1720.9,1743.58,1716.29
2012-10-22,1729.45,1729.61,1714.0
2012-10-23,1708.7,1730.6,1704.11
2012-10-24,1702.43,1714.56,1698.89
2012-10-25,1711.8,1718.21,1701.4
2012-10-26,1711.35,1718.91,1700.95
2012-10-29,1709.85,1717.57,1706.0
2012-10-30,1709.49,1715.61,1705.2
2012-10-31,1720.55,1726.05,1709.54
2012-11-01,1714.7,1727.11,1713.55
2012-11-02,1677.85,1717.06,1674.44
2012-11-05,1684.6,1686.57,1672.85
2012-11-06,1715.95,1721.01,1683.8
2012-11-07,1716.69,1731.79,1702.97
2012-11-08,1730.99,1735.82,1713.61
2012-11-09,1731.24,1739.05,1727.05
2012-11-12,1728.35,1738.41,1725.9
2012-11-13,1725.5,1733.21,1718.3
2012-11-14,1726.45,1733.4,1720.81
2012-11-15,1715.8,1727.96,1705.3
2012-11-16,1713.7,1717.51,1706.1
2012-11-19,1731.94,1735.34,1713.43
2012-11-20,1728.65,1735.81,1722.4
2012-11-21,1729.11,1732.08,1720.91
2012-11-22,1729.55,1732.75,1728.35
2012-11-23,1753.0,1754.6,1728.39
2012-11-26,1749.1,1753.11,1746.1
2012-11-27,1742.05,1751.8,1738.89
2012-11-28,1719.69,1743.23,1706.03
2012-11-29,1725.4,1728.71,1718.4
2012-11-30,1714.8,1731.9,1709.09
2012-12-03,1715.25,1722.11,1712.99
2012-12-04,1697.35,1717.67,1691.25
2012-12-05,1693.99,1707.18,1684.98
2012-12-06,1699.14,1703.38,1686.11
2012-12-07,1703.65,1705.61,1684.4
2012-12-10,1710.25,1717.6,1702.64
2012-12-11,1710.1,1714.6,1705.04
2012-12-12,1711.95,1723.41,1707.84
2012-12-13,1697.3,1712.11,1689.55
2012-12-14,1695.47,1700.74,1693.45
2012-12-17,1697.93,1700.03,1687.05
2012-12-18,1670.15,1703.47,1661.62
2012-12-19,1666.94,1676.99,1663.42
2012-12-20,1647.75,1672.12,1635.7
2012-12-21,1656.99,1659.68,1635.62
2012-12-24,1657.48,1665.9,1652.13
2012-12-25,1658.9,1663.15,1657.81
2012-12-26,1660.14,1667.89,1650.38
2012-12-27,1663.9,1665.76,1653.05
2012-12-28,1655.4,1666.49,1653.44
2012-12-31,1674.95,1680.71,1655.71
2013-01-01,1675.15,1676.21,1664.55
2013-01-02,1686.75,1695.1,1670.39
2013-01-03,1663.35,1690.0,1660.89
2013-01-04,1656.85,1664.42,1626.4
2013-01-07,1647.25,1662.71,1642.75
2013-01-08,1659.0,1662.3,1646.64
2013-01-09,1657.9,1666.41,1651.45
2013-01-10,1675.25,1679.21,1654.1
2013-01-11,1663.05,1677.05,1654.05
2013-01-14,1667.2,1674.8,1660.04
2013-01-15,1678.9,1685.3,1666.44
2013-01-16,1679.5,1685.11,1673.55
2013-01-17,1687.64,1695.94,1666.94
2013-01-18,1683.95,1695.51,1683.6
2013-01-21,1690.05,1691.6,1684.9
2013-01-22,1692.1,1696.26,1686.64
2013-01-23,1685.75,1695.61,1683.45
2013-01-24,1667.74,1686.45,1665.08
2013-01-25,1658.69,1672.59,1655.78
2013-01-28,1654.95,1662.81,1652.54
2013-01-29,1663.85,1666.06,1654.3
2013-01-30,1677.1,1683.79,1662.79
2013-01-31,1663.6,1681.01,1658.15
2013-02-01,1667.15,1682.31,1660.35
2013-02-04,1674.4,1677.61,1661.79
2013-02-05,1673.0,1684.9,1666.76
2013-02-06,1677.49,1679.49,1668.22
2013-02-07,1671.3,1683.51,1663.41
2013-02-08,1667.5,1673.91,1665.45
2013-02-11,1649.74,1669.7,1643.62
2013-02-12,1650.8,1653.5,1639.22
2013-02-13,1642.74,1653.59,1640.33
2013-02-14,1634.85,1650.05,1632.72
2013-02-15,1609.44,1636.1,1598.42
2013-02-18,1610.05,1619.0,1607.33
2013-02-19,1604.6,1615.34,1600.72
2013-02-20,1562.9,1609.82,1558.85
2013-02-21,1576.05,1584.88,1554.88
2013-02-22,1580.7,1587.25,1570.16
2013-02-25,1594.24,1597.18,1575.18
2013-02-26,1613.49,1620.05,1584.6
2013-02-27,1597.6,1614.89,1592.33
2013-02-28,1580.14,1602.98,1574.72
2013-03-01,1575.24,1587.29,1564.83
2013-03-04,1573.95,1585.11,1569.65
2013-03-05,1575.44,1586.3,1571.72
2013-03-06,1583.69,1584.79,1567.53
2013-03-07,1578.9,1585.89,1574.94
2013-03-08,1578.35,1583.51,1561.41
2013-03-11,1581.0,1583.61,1575.65
2013-03-12,1592.7,1598.81,1580.25
2013-03-13,1587.8,1599.61,1585.55
2013-03-14,1590.3,1593.5,1576.99
2013-03-15,1592.45,1598.81,1588.9
2013-03-18,1605.3,1611.31,1592.56
2013-03-19,1613.4,1615.77,1600.15
2013-03-20,1606.5,1615.21,1603.55
2013-03-21,1614.7,1616.97,1604.65
2013-03-22,1608.45,1616.35,1603.79
2013-03-25,1605.4,1613.76,1589.99
2013-03-26,1599.2,1606.27,1594.85
2013-03-27,1605.4,1608.61,1591.5
2013-03-28,1596.74,1607.88,1594.06
2013-04-01,1598.9,1601.31,1594.94
2013-04-02,1575.85,1604.21,1574.0
2013-04-03,1557.85,1577.41,1550.19
2013-04-04,1553.32,1559.87,1540.35
2013-04-05,1582.0,1582.05,1549.34
2013-04-08,1573.7,1583.37,1567.55
2013-04-09,1585.2,1590.5,1570.44
2013-04-10,1558.75,1588.91,1556.0
2013-04-11,1561.35,1568.42,1553.71
2013-04-12,1478.85,1564.86,1477.5
2013-04-15,1353.25,1495.66,1336.54
2013-04-16,1368.9,1402.35,1322.46
2013-04-17,1377.0,1395.1,1365.1
2013-04-18,1391.25,1401.96,1340.36
2013-04-19,1404.35,1425.01,1386.46
2013-04-22,1426.25,1439.77,1404.61
2013-04-23,1413.35,1432.42,1406.55
2013-04-24,1431.3,1433.4,1411.79
2013-04-25,1467.85,1469.46,1427.25
2013-04-26,1463.0,1485.31,1448.69
2013-04-29,1476.65,1478.56,1462.45
2013-04-30,1477.1,1479.31,1460.99
2013-05-01,1457.6,1478.57,1440.6
2013-05-02,1467.1,1474.26,1449.3
2013-05-03,1470.7,1488.3,1456.4
2013-05-06,1469.5,1479.06,1465.1
2013-05-07,1452.6,1470.78,1441.72
2013-05-08,1472.8,1476.97,1447.9
2013-05-09,1458.2,1476.01,1453.7
2013-05-10,1448.2,1462.36,1421.11
2013-05-13,1430.55,1448.69,1426.34
2013-05-14,1426.0,1445.57,1422.26
2013-05-15,1392.9,1430.85,1389.65
2013-05-16,1386.3,1398.52,1369.9
2013-05-17,1359.2,1392.96,1355.6
2013-05-20,1394.15,1399.1,1339.45
2013-05-21,1376.3,1401.76,1360.3
2013-05-22,1369.4,1415.11,1355.47
2013-05-23,1391.2,1397.85,1356.74
2013-05-24,1386.05,1398.45,1382.7
2013-05-27,1394.78,1396.9,1384.24
2013-05-28,1380.85,1400.55,1374.14
2013-05-29,1392.95,1395.16,1379.99
2013-05-30,1413.75,1418.31,1388.69
2013-05-31,1386.9,1421.5,1384.64
2013-06-03,1411.6,1416.61,1388.94
2013-06-04,1399.9,1415.62,1389.86
2013-06-05,1403.3,1410.51,1395.69
2013-06-06,1413.65,1423.66,1391.84
2013-06-07,1384.47,1418.03,1377.86
2013-06-10,1386.9,1389.06,1376.49
2013-06-11,1379.6,1387.12,1367.26
2013-06-12,1388.4,1394.87,1374.35
2013-06-13,1386.05,1395.27,1374.7
2013-06-14,1390.7,1392.11,1378.54
2013-06-17,1384.85,1392.11,1380.94
2013-06-18,1368.4,1386.16,1361.15
2013-06-19,1351.3,1376.02,1349.35
2013-06-20,1278.0,1348.52,1276.8
2013-06-21,1297.25,1348.41,1269.39
2013-06-24,1281.9,1301.62,1276.35
2013-06-25,1277.35,1289.41,1271.92
2013-06-26,1226.35,1277.62,1222.91
2013-06-27,1200.75,1245.46,1198.06
2013-06-28,1234.25,1245.61,1181.82
2013-07-01,1253.3,1261.11,1226.31
2013-07-02,1242.5,1266.55,1241.8
2013-07-03,1252.3,1260.71,1237.05
2013-07-04,1250.3,1257.82,1245.4
2013-07-05,1223.8,1250.86,1207.99
2013-07-08,1237.0,1239.41,1215.95
2013-07-09,1249.95,1261.02,1233.9
2013-07-10,1264.25,1266.22,1244.47
2013-07-11,1285.3,1298.97,1278.81
2013-07-12,1284.9,1288.86,1267.9
2013-07-15,1282.6,1294.32,1276.26
2013-07-16,1292.6,1295.95,1277.56
2013-07-17,1276.0,1297.61,1274.21
2013-07-18,1285.1,1288.7,1275.05
2013-07-19,1296.35,1297.95,1282.55
2013-07-22,1335.9,1339.77,1311.76
2013-07-23,1348.1,1348.3,1327.15
2013-07-24,1321.3,1348.3,1313.55
2013-07-25,1333.65,1338.02,1309.35
2013-07-26,1333.9,1340.82,1312.82
2013-07-29,1327.6,1338.71,1323.32
2013-07-30,1327.3,1330.38,1318.5
2013-07-31,1323.1,1338.87,1305.91
2013-08-01,1308.95,1330.77,1307.2
2013-08-02,1312.0,1318.4,1283.19
2013-08-05,1303.95,1319.91,1297.86
2013-08-06,1281.9,1307.27,1279.85
2013-08-07,1287.75,1289.42,1273.25
2013-08-08,1312.0,1314.56,1283.85
2013-08-09,1314.5,1317.0,1305.56
2013-08-12,1336.4,1343.67,1314.6
2013-08-13,1321.3,1341.72,1319.27
2013-08-14,1335.2,1337.3,1316.55
2013-08-15,1366.05,1369.9,1319.31
2013-08-16,1376.4,1380.21,1357.95
2013-08-19,1365.98,1384.6,1362.49
2013-08-20,1371.17,1376.2,1355.26
2013-08-21,1366.35,1378.81,1360.1
2013-08-22,1375.85,1381.61,1355.8
2013-08-23,1396.85,1400.21,1369.14
2013-08-26,1404.9,1404.86,1391.44
2013-08-27,1416.65,1424.02,1396.75
2013-08-28,1418.5,1434.17,1413.9
2013-08-29,1408.25,1418.52,1403.17
2013-08-30,1396.4,1411.62,1392.77
2013-09-02,1394.9,1398.31,1380.05
2013-09-03,1412.65,1416.61,1384.7
2013-09-04,1391.45,1415.22,1384.85
2013-09-05,1367.85,1399.92,1365.77
2013-09-06,1391.61,1393.2,1363.28
2013-09-09,1387.05,1391.45,1382.83
2013-09-10,1364.45,1391.52,1358.2
2013-09-11,1366.75,1368.51,1357.46
2013-09-12,1321.05,1367.5,1321.05
2013-09-13,1326.72,1331.03,1305.03
2013-09-16,1314.0,1332.92,1304.46
2013-09-17,1309.65,1323.92,1306.5
2013-09-18,1365.15,1367.77,1291.95
2013-09-19,1365.0,1375.15,1358.8
2013-09-20,1325.38,1368.4,1324.86
2013-09-23,1322.15,1332.11,1314.26
2013-09-24,1323.2,1329.57,1306.51
2013-09-25,1333.6,1338.51,1317.11
2013-09-26,1323.7,1339.21,1319.15
2013-09-27,1336.2,1344.3,1320.43
2013-09-30,1327.55,1344.22,1323.56
2013-10-01,1286.6,1337.77,1283.2
2013-10-02,1315.25,1323.82,1278.85
2013-10-03,1317.3,1321.31,1302.42
2013-10-04,1311.35,1323.86,1306.56
2013-10-07,1321.79,1328.44,1308.81
2013-10-08,1318.8,1330.1,1316.3
2013-10-09,1307.2,1321.95,1294.65
2013-10-10,1286.24,1311.78,1283.03
2013-10-11,1273.11,1294.45,1262.63
2013-10-14,1273.4,1289.47,1268.8
2013-10-15,1280.8,1288.51,1252.27
2013-10-16,1281.6,1287.51,1269.57
2013-10-17,1319.7,1324.67,1274.8
2013-10-18,1316.24,1325.7,1311.95
2013-10-21,1315.75,1324.42,1313.56
2013-10-22,1340.65,1345.07,1310.45
2013-10-23,1332.35,1342.57,1329.8
2013-10-24,1347.15,1352.22,1330.6
2013-10-25,1352.13,1355.6,1336.54
2013-10-28,1352.2,1362.21,1346.5
2013-10-29,1344.3,1360.67,1340.87
2013-10-30,1342.8,1359.77,1334.81
2013-10-31,1323.8,1343.4,1319.4
2013-11-01,1315.35,1327.86,1306.3
2013-11-04,1314.74,1322.24,1311.74
2013-11-05,1311.6,1319.77,1306.75
2013-11-06,1318.4,1322.31,1309.45
2013-11-07,1307.95,1325.71,1298.71
2013-11-08,1288.2,1313.06,1281.4
2013-11-11,1283.28,1288.91,1279.39
2013-11-12,1267.99,1285.3,1261.28
2013-11-13,1278.99,1279.24,1265.89
2013-11-14,1287.39,1294.38,1278.53
2013-11-15,1290.05,1291.14,1280.42
2013-11-18,1274.35,1290.61,1270.35
2013-11-19,1275.25,1279.02,1269.3
2013-11-20,1243.2,1276.67,1241.3
2013-11-21,1242.75,1250.01,1236.69
2013-11-22,1243.6,1249.32,1241.55
2013-11-25,1252.6,1253.54,1227.72
2013-11-26,1243.3,1256.89,1239.89
2013-11-27,1237.4,1254.81,1236.65
2013-11-28,1244.15,1245.82,1235.32
2013-11-29,1253.49,1256.11,1242.26
2013-12-02,1220.05,1251.42,1217.78
2013-12-03,1223.89,1226.38,1215.98
2013-12-04,1243.66,1250.75,1211.89
2013-12-05,1224.88,1244.0,1217.3
2013-12-06,1228.85,1243.61,1212.41
2013-12-09,1240.94,1243.19,1225.38
2013-12-10,1260.72,1267.74,1237.97
2013-12-11,1251.75,1263.4,1250.5
2013-12-12,1223.8,1257.4,1223.5
2013-12-13,1238.3,1239.0,1220.6
2013-12-16,1240.57,1251.89,1227.59
2013-12-17,1230.1,1248.6,1227.8
2013-12-18,1218.07,1244.7,1216.15
2013-12-19,1190.1,1226.76,1186.8
2013-12-20,1203.25,1207.6,1185.71
2013-12-23,1198.84,1206.38,1192.77
2013-12-24,1204.35,1206.36,1197.01
2013-12-25,1204.7,1205.1,1203.29
2013-12-26,1210.7,1216.1,1201.24
2013-12-27,1213.19,1219.04,1209.03
2013-12-30,1196.4,1216.26,1195.39
2013-12-31,1205.55,1214.21,1185.11
2014-01-01,1205.9,1210.61,1199.4
2014-01-02,1224.89,1231.04,1203.72
2014-01-03,1236.55,1240.38,1222.14
2014-01-06,1238.05,1248.76,1233.1
2014-01-07,1232.1,1245.86,1225.2
2014-01-08,1226.1,1232.84,1218.83
2014-01-09,1228.0,1231.91,1224.02
2014-01-10,1247.1,1248.81,1226.94
2014-01-13,1253.44,1255.18,1243.72
2014-01-14,1245.1,1255.38,1241.83
2014-01-15,1241.74,1245.39,1234.49
2014-01-16,1242.55,1245.26,1236.55
2014-01-17,1253.82,1255.28,1238.05
2014-01-20,1254.35,1261.0,1251.32
2014-01-21,1241.49,1256.24,1236.07
2014-01-22,1236.49,1244.14,1236.14
2014-01-23,1264.35,1265.8,1231.76
2014-01-24,1269.25,1273.31,1257.2
2014-01-27,1257.07,1278.48,1252.16
2014-01-28,1256.55,1261.51,1249.36
2014-01-29,1268.4,1270.27,1249.65
2014-01-30,1243.7,1268.53,1238.39
2014-01-31,1243.8,1255.51,1238.75
2014-02-03,1257.64,1266.54,1240.68
2014-02-04,1255.0,1260.93,1247.62
2014-02-05,1258.01,1273.73,1252.51
2014-02-06,1257.64,1266.98,1252.88
2014-02-07,1267.06,1272.18,1256.22
2014-02-10,1274.9,1278.31,1265.4
2014-02-11,1291.85,1293.83,1273.8
2014-02-12,1291.25,1296.52,1284.4
2014-02-13,1302.7,1302.8,1286.14
2014-02-14,1318.93,1321.34,1299.97
2014-02-17,1329.1,1330.37,1318.65
2014-02-18,1321.6,1332.71,1312.95
2014-02-19,1311.8,1323.39,1308.93
2014-02-20,1322.89,1325.18,1307.85
2014-02-21,1323.39,1328.79,1316.12
2014-02-24,1337.0,1339.0,1319.11
2014-02-25,1340.75,1344.01,1331.72
2014-02-26,1330.75,1345.4,1322.14
2014-02-27,1331.44,1336.48,1323.97
2014-02-28,1326.4,1333.91,1320.22
2014-03-03,1350.9,1355.41,1326.5
2014-03-04,1334.9,1352.61,1331.54
2014-03-05,1337.39,1341.88,1332.58
2014-03-06,1351.35,1353.37,1331.35
2014-03-07,1340.25,1352.9,1329.75
2014-03-10,1339.15,1345.41,1329.47
2014-03-11,1349.95,1353.11,1338.0
2014-03-12,1367.08,1371.1,1345.44
2014-03-13,1370.6,1375.46,1364.65
2014-03-14,1382.24,1388.4,1368.06
2014-03-17,1366.95,1392.37,1362.53
2014-03-18,1356.25,1367.77,1350.8
2014-03-19,1331.45,1360.26,1328.0
2014-03-20,1328.5,1335.21,1320.85
2014-03-21,1334.55,1343.04,1328.45
2014-03-24,1309.62,1334.86,1308.04
2014-03-25,1311.05,1317.86,1306.2
2014-03-26,1304.1,1317.01,1298.9
2014-03-27,1291.14,1307.15,1289.3
2014-03-28,1294.0,1299.2,1285.84
2014-03-31,1284.25,1298.81,1282.65
2014-04-01,1279.15,1288.25,1277.44
2014-04-02,1289.8,1295.21,1278.65
2014-04-03,1287.3,1294.2,1281.59
2014-04-04,1302.7,1307.09,1284.33
2014-04-07,1296.65,1304.8,1295.8
2014-04-08,1308.72,1314.93,1296.29
2014-04-09,1311.9,1315.3,1300.94
2014-04-10,1318.92,1324.9,1310.84
2014-04-11,1318.47,1324.33,1314.24
2014-04-14,1326.4,1331.2,1318.84
2014-04-15,1302.65,1328.51,1290.95
2014-04-16,1302.8,1307.6,1293.59
2014-04-17,1294.85,1304.8,1293.24
2014-04-18,1293.78,1293.78,1293.78
2014-04-21,1290.15,1301.51,1282.01
2014-04-22,1283.5,1293.0,1277.6
2014-04-23,1283.9,1289.22,1281.05
2014-04-24,1293.85,1298.51,1268.85
2014-04-25,1303.45,1305.61,1290.6
2014-04-28,1296.1,1306.61,1292.3
2014-04-29,1296.48,1301.4,1286.49
2014-04-30,1291.9,1298.01,1285.8
2014-05-01,1284.1,1293.21,1277.7
2014-05-02,1300.32,1304.9,1277.1
2014-05-05,1309.85,1315.95,1299.61
2014-05-06,1307.65,1314.71,1305.0
2014-05-07,1289.55,1315.31,1287.0
2014-05-08,1289.6,1295.3,1285.74
2014-05-09,1289.33,1294.9,1285.64
2014-05-12,1295.8,1304.3,1280.1
2014-05-13,1293.35,1299.21,1289.25
2014-05-14,1305.6,1309.4,1291.79
2014-05-15,1296.35,1307.35,1291.15
2014-05-16,1293.7,1298.76,1287.85
2014-05-19,1291.95,1305.25,1289.66
2014-05-20,1294.25,1297.05,1286.15
2014-05-21,1291.85,1296.6,1283.45
2014-05-22,1293.85,1303.85,1290.05
2014-05-23,1293.11,1295.95,1287.99
2014-05-26,1293.05,1294.41,1290.91
2014-05-27,1263.7,1293.7,1263.5
2014-05-28,1258.5,1267.69,1256.02
2014-05-29,1256.05,1260.5,1251.55
2014-05-30,1251.05,1260.46,1242.35
2014-06-02,1244.35,1250.89,1241.04
2014-06-03,1244.65,1248.15,1241.06
2014-06-04,1243.8,1250.0,1243.5
2014-06-05,1253.6,1256.81,1241.21
2014-06-06,1252.73,1258.0,1246.31
2014-06-09,1252.08,1257.7,1251.76
2014-06-10,1260.8,1263.31,1250.21
2014-06-11,1260.74,1265.5,1258.0
2014-06-12,1273.36,1275.0,1260.05
2014-06-13,1277.0,1278.2,1271.0
2014-06-16,1271.6,1285.16,1270.51
2014-06-17,1271.5,1273.56,1259.16
2014-06-18,1278.4,1280.0,1266.96
2014-06-19,1320.1,1322.1,1276.01
2014-06-20,1314.82,1322.4,1306.75
2014-06-23,1318.1,1318.61,1309.91
2014-06-24,1318.3,1326.6,1314.15
2014-06-25,1319.5,1325.15,1310.8
2014-06-26,1317.95,1320.15,1306.25
2014-06-27,1315.35,1322.31,1312.76
2014-06-30,1327.5,1329.41,1310.21
2014-07-01,1325.75,1332.41,1323.72
2014-07-02,1327.45,1332.21,1321.32
2014-07-03,1319.8,1327.7,1309.95
2014-07-04,1320.55,1323.8,1318.8
2014-07-07,1320.2,1320.3,1311.9
2014-07-08,1318.95,1325.35,1313.45
2014-07-09,1326.7,1332.69,1318.5
2014-07-10,1335.55,1345.65,1319.34
2014-07-11,1338.15,1339.54,1333.87
2014-07-14,1307.15,1339.71,1303.21
2014-07-15,1294.45,1314.25,1292.05
2014-07-16,1299.37,1304.4,1292.9
2014-07-17,1318.25,1324.65,1297.85
2014-07-18,1310.9,1324.75,1304.57
2014-07-21,1311.9,1318.51,1307.01
2014-07-22,1307.35,1315.2,1301.75
2014-07-23,1304.15,1311.31,1302.61
2014-07-24,1293.35,1305.35,1287.81
2014-07-25,1308.05,1308.5,1290.16
2014-07-28,1304.25,1309.46,1301.42
2014-07-29,1298.75,1312.75,1295.85
2014-07-30,1295.05,1302.76,1291.85
2014-07-31,1282.35,1297.56,1281.02
2014-08-01,1294.1,1297.2,1280.9
2014-08-04,1288.35,1295.81,1286.17
2014-08-05,1288.0,1293.66,1282.56
2014-08-06,1306.25,1309.86,1287.46
2014-08-07,1313.55,1314.75,1302.11
2014-08-08,1309.6,1322.86,1306.16
2014-08-11,1308.1,1311.66,1304.96
2014-08-12,1308.6,1317.86,1305.46
2014-08-13,1312.86,1315.6,1304.9
2014-08-14,1313.24,1319.6,1309.19
2014-08-15,1304.6,1315.41,1292.61
2014-08-18,1297.46,1304.07,1295.72
2014-08-19,1295.5,1302.61,1293.96
2014-08-20,1292.15,1297.91,1288.04
2014-08-21,1277.25,1291.8,1273.32
2014-08-22,1281.23,1283.5,1274.49
2014-08-25,1276.6,1281.06,1274.42
2014-08-26,1280.9,1291.06,1275.5
2014-08-27,1282.95,1288.0,1280.4
2014-08-28,1290.0,1296.76,1283.02
2014-08-29,1287.57,1291.8,1283.66
2014-09-01,1287.3,1290.36,1282.8
2014-09-02,1265.9,1288.1,1262.92
2014-09-03,1269.07,1271.8,1261.69
2014-09-04,1261.1,1276.76,1260.26
2014-09-05,1268.85,1273.71,1257.16
2014-09-08,1255.7,1271.85,1251.5
2014-09-09,1256.2,1258.25,1247.41
2014-09-10,1248.75,1258.15,1243.91
2014-09-11,1240.75,1250.46,1234.97
2014-09-12,1228.63,1242.04,1227.75
2014-09-15,1233.0,1238.56,1225.56
2014-09-16,1235.2,1242.16,1231.92
2014-09-17,1223.25,1239.46,1221.67
2014-09-18,1225.45,1228.06,1216.27
2014-09-19,1216.45,1228.86,1213.87
2014-09-22,1215.05,1220.7,1208.72
2014-09-23,1222.95,1235.06,1214.11
2014-09-24,1217.05,1226.16,1215.96
2014-09-25,1222.62,1224.88,1207.03
2014-09-26,1219.51,1230.5,1212.54
2014-09-29,1215.95,1223.76,1214.78
2014-09-30,1209.24,1219.96,1204.9
2014-10-01,1213.65,1219.66,1204.75
2014-10-02,1213.5,1221.84,1208.69
2014-10-03,1191.2,1215.9,1190.14
2014-10-06,1207.15,1209.2,1183.96
2014-10-07,1209.0,1213.06,1202.91
2014-10-08,1221.7,1223.84,1205.12
2014-10-09,1224.15,1233.6,1219.15
2014-10-10,1223.48,1225.84,1217.6
2014-10-13,1237.15,1237.65,1223.34
2014-10-14,1232.75,1238.3,1231.25
2014-10-15,1241.07,1249.8,1222.17
2014-10-16,1239.1,1245.6,1235.75
2014-10-17,1238.19,1242.3,1231.99
2014-10-20,1246.6,1248.94,1234.7
2014-10-21,1249.3,1255.6,1245.4
2014-10-22,1241.03,1250.08,1240.66
2014-10-23,1232.15,1244.96,1226.43
2014-10-24,1231.46,1234.7,1229.1
2014-10-27,1225.4,1232.26,1225.06
2014-10-28,1228.4,1235.81,1222.9
2014-10-29,1211.8,1230.86,1208.52
2014-10-30,1198.9,1216.76,1195.96
2014-10-31,1174.42,1203.3,1161.75
2014-11-03,1165.35,1174.17,1162.17
2014-11-04,1168.3,1174.3,1164.0
2014-11-05,1141.4,1169.85,1137.7
2014-11-06,1141.2,1149.7,1138.1
2014-11-07,1176.65,1178.99,1132.25
2014-11-10,1150.6,1179.41,1147.45
2014-11-11,1164.8,1173.6,1146.32
2014-11-12,1160.92,1170.37,1157.51
2014-11-13,1161.96,1168.12,1154.24
2014-11-14,1188.25,1193.74,1147.04
2014-11-17,1186.55,1194.26,1181.62
2014-11-18,1197.55,1205.0,1183.3
2014-11-19,1183.3,1202.77,1175.97
2014-11-20,1193.75,1197.31,1176.87
2014-11-21,1201.4,1208.01,1186.95
2014-11-24,1197.4,1204.24,1192.85
2014-11-25,1201.19,1203.4,1190.8
2014-11-26,1197.9,1202.61,1195.02
2014-11-27,1191.75,1200.1,1185.95
2014-11-28,1167.35,1191.56,1165.35
2014-12-01,1210.9,1221.46,1143.38
2014-12-02,1199.01,1213.05,1192.32
2014-12-03,1209.64,1214.95,1194.65
2014-12-04,1205.78,1213.7,1201.53
2014-12-05,1192.05,1208.2,1186.5
2014-12-08,1203.2,1208.59,1187.31
2014-12-09,1230.85,1238.55,1199.45
2014-12-10,1226.75,1238.25,1224.78
2014-12-11,1227.95,1233.2,1216.3
2014-12-12,1222.6,1228.38,1215.98
2014-12-15,1192.6,1224.24,1190.97
2014-12-16,1196.6,1221.79,1188.8
2014-12-17,1188.7,1203.4,1184.23
2014-12-18,1198.4,1213.55,1188.65
2014-12-19,1195.95,1202.1,1193.9
2014-12-22,1175.05,1202.18,1170.56
2014-12-23,1175.68,1185.49,1172.59
2014-12-24,1173.8,1181.8,1173.05
2014-12-26,1195.4,1199.75,1173.45
2014-12-29,1183.1,1197.79,1179.35
2014-12-30,1200.24,1210.29,1180.89
2014-12-31,1183.95,1204.0,1179.55
2015-01-01,1181.97,1184.53,1181.97
2015-01-02,1189.18,1194.6,1168.75
2015-01-05,1204.45,1208.15,1183.45
2015-01-06,1219.2,1223.15,1201.85
2015-01-07,1210.8,1219.85,1209.2
2015-01-08,1208.98,1216.65,1204.67
2015-01-09,1223.4,1224.0,1207.45
2015-01-12,1233.64,1236.29,1218.56
2015-01-13,1230.88,1244.12,1227.53
2015-01-14,1229.95,1244.4,1224.95
2015-01-15,1261.64,1266.59,1226.18
2015-01-16,1280.3,1281.99,1255.37
2015-01-19,1277.08,1281.63,1272.22
2015-01-20,1293.94,1297.23,1274.09
2015-01-21,1293.44,1305.38,1285.59
2015-01-22,1301.73,1306.7,1279.55
2015-01-23,1294.55,1302.9,1284.66
2015-01-26,1281.24,1299.14,1276.14
2015-01-27,1292.35,1297.77,1272.58
2015-01-28,1285.1,1294.55,1281.5
2015-01-29,1257.25,1286.25,1252.61
2015-01-30,1283.55,1285.35,1257.25
2015-02-02,1275.44,1283.85,1266.93
2015-02-03,1260.2,1285.59,1255.7
2015-02-04,1270.05,1272.2,1256.85
2015-02-05,1264.7,1274.0,1256.52
2015-02-06,1233.72,1269.3,1228.75
2015-02-09,1239.68,1244.35,1234.54
2015-02-10,1234.0,1246.0,1230.7
2015-02-11,1219.16,1239.3,1218.26
2015-02-12,1222.5,1232.9,1216.75
2015-02-13,1229.7,1235.7,1221.01
2015-02-16,1231.47,1236.88,1228.01
2015-02-17,1209.4,1234.15,1203.7
2015-02-18,1212.99,1212.99,1197.95
2015-02-19,1207.45,1223.5,1205.4
2015-02-20,1202.39,1215.39,1198.43
2015-02-23,1201.92,1210.7,1191.51
2015-02-24,1199.89,1204.6,1191.3
2015-02-25,1204.8,1212.2,1199.5
2015-02-26,1209.05,1220.75,1203.95
2015-02-27,1213.15,1219.9,1204.65
2015-03-02,1207.1,1223.6,1204.6
2015-03-03,1203.8,1215.09,1195.39
2015-03-04,1199.85,1209.4,1198.25
2015-03-05,1198.6,1209.7,1196.4
2015-03-06,1167.21,1201.29,1163.94
2015-03-09,1167.3,1176.15,1166.15
2015-03-10,1161.93,1171.35,1156.35
2015-03-11,1154.8,1165.95,1147.85
2015-03-12,1153.7,1166.7,1148.9
2015-03-13,1159.48,1162.55,1151.8
2015-03-16,1154.59,1164.46,1150.6
2015-03-17,1149.3,1159.85,1143.61
2015-03-18,1167.25,1174.61,1145.9
2015-03-19,1171.3,1177.86,1160.06
2015-03-20,1182.68,1188.3,1168.55
2015-03-23,1189.3,1192.1,1179.45
2015-03-24,1193.13,1195.7,1185.25
2015-03-25,1195.45,1199.9,1186.65
2015-03-26,1204.38,1219.8,1194.5
2015-03-27,1199.3,1206.7,1192.91
2015-03-30,1186.2,1199.5,1182.55
2015-03-31,1183.5,1191.2,1178.45
2015-04-01,1204.1,1209.0,1180.35
2015-04-02,1202.59,1208.15,1195.75
2015-04-03,1210.9,1212.74,1200.11
2015-04-06,1214.7,1224.5,1213.85
2015-04-07,1208.6,1215.91,1207.45
2015-04-08,1202.8,1212.6,1197.85
2015-04-09,1195.01,1203.76,1192.86
2015-04-10,1208.05,1211.1,1193.3
2015-04-13,1198.85,1209.83,1196.81
2015-04-14,1193.58,1202.1,1184.18
2015-04-15,1202.05,1205.35,1189.38
2015-04-16,1197.65,1209.6,1195.06
2015-04-17,1204.65,1208.1,1197.28
2015-04-20,1196.5,1209.4,1191.54
2015-04-21,1202.68,1204.4,1193.3
2015-04-22,1187.3,1205.2,1185.73
2015-04-23,1194.0,1198.4,1184.05
2015-04-24,1179.38,1196.51,1175.24
2015-04-27,1202.0,1207.46,1178.75
2015-04-28,1212.1,1215.5,1199.3
2015-04-29,1204.8,1213.7,1201.63
2015-04-30,1184.37,1207.52,1177.32
2015-05-01,1178.5,1185.26,1170.6
2015-05-04,1188.25,1193.45,1177.88
2015-05-05,1193.33,1200.1,1185.9
2015-05-06,1191.8,1197.9,1188.3
2015-05-07,1184.8,1193.3,1179.16
2015-05-08,1188.15,1193.61,1182.13
2015-05-11,1184.2,1192.1,1179.5
2015-05-12,1193.5,1197.0,1181.05
2015-05-13,1215.73,1219.3,1191.3
2015-05-14,1221.52,1227.44,1212.05
2015-05-15,1223.85,1226.75,1211.55
2015-05-18,1225.74,1232.7,1221.5
2015-05-19,1207.51,1225.57,1205.56
2015-05-20,1209.28,1213.47,1203.02
2015-05-21,1206.45,1212.95,1201.91
2015-05-22,1206.38,1215.2,1201.7
2015-05-25,1207.17,1208.97,1202.92
2015-05-26,1187.3,1208.0,1186.1
2015-05-27,1188.15,1191.55,1184.51
2015-05-28,1188.45,1192.75,1181.3
2015-05-29,1190.5,1193.81,1187.08
2015-06-01,1189.15,1204.81,1184.6
2015-06-02,1193.38,1196.12,1185.48
2015-06-03,1185.5,1195.81,1180.18
2015-06-04,1176.26,1186.41,1172.76
2015-06-05,1172.0,1179.35,1163.1
2015-06-08,1173.95,1178.1,1169.2
2015-06-09,1176.7,1183.4,1172.75
2015-06-10,1186.48,1192.6,1175.35
2015-06-11,1182.3,1188.21,1176.16
2015-06-12,1180.8,1184.7,1176.93
2015-06-15,1186.4,1190.8,1173.02
2015-06-16,1181.86,1188.11,1176.13
2015-06-17,1185.45,1189.4,1174.48
2015-06-18,1201.42,1206.0,1183.81
2015-06-19,1200.51,1204.75,1198.7
2015-06-22,1185.45,1201.5,1182.65
2015-06-23,1178.44,1188.7,1176.32
2015-06-24,1175.2,1180.3,1171.43
2015-06-25,1173.33,1178.7,1171.52
2015-06-26,1175.07,1179.09,1168.74
2015-06-29,1180.36,1187.32,1173.99
2015-06-30,1172.6,1180.8,1166.75
2015-07-01,1168.8,1175.3,1167.43
2015-07-02,1166.15,1169.11,1157.25
2015-07-03,1167.94,1170.5,1164.96
2015-07-06,1170.15,1175.2,1163.3
2015-07-07,1155.55,1170.65,1148.45
2015-07-08,1158.28,1165.03,1147.18
2015-07-09,1159.65,1167.46,1156.2
2015-07-10,1163.96,1165.5,1157.9
2015-07-13,1158.0,1164.6,1151.18
2015-07-14,1155.53,1159.96,1153.04
2015-07-15,1149.65,1156.96,1143.83
2015-07-16,1145.15,1149.9,1142.6
2015-07-17,1134.1,1146.1,1131.2
2015-07-20,1096.95,1133.35,1088.45
2015-07-21,1101.41,1109.87,1097.05
2015-07-22,1093.45,1103.56,1087.39
2015-07-23,1090.8,1106.0,1087.01
2015-07-24,1099.1,1102.35,1077.75
2015-07-27,1094.42,1105.3,1089.19
2015-07-28,1095.35,1099.0,1091.4
2015-07-29,1096.69,1101.85,1090.21
2015-07-30,1088.99,1099.82,1083.36
2015-07-31,1095.65,1103.38,1079.75
2015-08-03,1086.5,1098.15,1085.92
2015-08-04,1087.45,1095.05,1081.05
2015-08-05,1085.05,1092.16,1082.85
2015-08-06,1089.41,1094.3,1083.6
2015-08-07,1094.2,1099.9,1083.16
2015-08-10,1104.51,1109.2,1089.8
2015-08-11,1109.01,1119.4,1093.65
2015-08-12,1125.3,1125.8,1101.75
2015-08-13,1115.05,1126.71,1113.42
2015-08-14,1114.11,1121.4,1111.81
2015-08-17,1117.66,1123.05,1113.7
2015-08-18,1118.01,1121.6,1109.55
2015-08-19,1134.46,1134.66,1116.35
2015-08-20,1153.16,1154.5,1132.81
2015-08-21,1161.05,1168.8,1148.85
2015-08-24,1155.05,1167.9,1146.75
2015-08-25,1140.65,1157.2,1134.9
2015-08-26,1125.55,1147.0,1117.75
2015-08-27,1125.71,1129.8,1118.15
2015-08-28,1133.96,1141.2,1123.7
2015-08-31,1134.5,1136.8,1125.96
2015-09-01,1140.11,1147.57,1134.51
2015-09-02,1134.05,1143.0,1132.31
2015-09-03,1125.25,1134.5,1121.75
2015-09-04,1123.0,1130.2,1117.15
2015-09-07,1119.47,1124.88,1116.58
2015-09-08,1121.8,1126.8,1118.45
2015-09-09,1106.1,1125.8,1101.51
2015-09-10,1111.55,1115.3,1104.0
2015-09-11,1107.9,1113.4,1098.75
2015-09-14,1108.8,1110.7,1103.4
2015-09-15,1105.4,1109.8,1102.91
2015-09-16,1119.55,1124.7,1103.95
2015-09-17,1131.4,1133.4,1115.4
2015-09-18,1139.4,1141.9,1127.3
2015-09-21,1133.3,1140.1,1130.0
2015-09-22,1124.8,1136.6,1121.18
2015-09-23,1130.4,1134.4,1121.75
2015-09-24,1154.01,1156.7,1130.45
2015-09-25,1146.24,1151.18,1140.84
2015-09-28,1132.05,1148.3,1128.1
2015-09-29,1127.46,1134.9,1124.35
2015-09-30,1115.0,1128.2,1112.0
2015-10-01,1113.55,1119.29,1111.13
2015-10-02,1138.14,1141.9,1104.52
2015-10-05,1135.75,1141.95,1129.73
2015-10-06,1147.11,1151.61,1135.11
2015-10-07,1145.4,1153.7,1141.96
2015-10-08,1138.96,1151.6,1136.9
2015-10-09,1157.53,1160.2,1138.8
2015-10-12,1164.0,1169.4,1154.9
2015-10-13,1168.8,1169.0,1151.56
2015-10-14,1185.19,1190.38,1164.05
2015-10-15,1183.11,1191.04,1176.37
2015-10-16,1177.2,1184.5,1174.25
2015-10-19,1170.45,1177.9,1168.25
2015-10-20,1176.11,1180.7,1167.15
2015-10-21,1167.1,1179.6,1163.9
2015-10-22,1166.05,1172.2,1162.9
2015-10-23,1164.26,1179.8,1159.16
2015-10-26,1163.2,1169.6,1162.3
2015-10-27,1166.95,1168.9,1160.91
2015-10-28,1156.1,1182.9,1152.4
2015-10-29,1145.91,1162.76,1144.6
2015-10-30,1142.38,1150.47,1139.48
2015-11-02,1133.75,1143.01,1132.75
2015-11-03,1117.6,1138.3,1114.48
2015-11-04,1107.44,1122.85,1106.38
2015-11-05,1103.95,1111.61,1102.75
2015-11-06,1088.64,1110.68,1085.29
2015-11-09,1092.1,1095.88,1088.34
2015-11-10,1089.91,1094.9,1085.45
2015-11-11,1086.14,1093.69,1084.04
2015-11-12,1085.05,1089.6,1074.66
2015-11-13,1083.64,1088.29,1080.04
2015-11-16,1082.85,1098.29,1081.32
2015-11-17,1070.37,1084.82,1065.59
2015-11-18,1071.14,1073.18,1065.34
2015-11-19,1082.4,1086.5,1069.75
2015-11-20,1078.1,1087.8,1075.68
2015-11-23,1069.34,1077.01,1067.0
2015-11-24,1075.49,1080.89,1068.99
2015-11-25,1071.39,1080.85,1067.75
2015-11-26,1072.25,1075.46,1070.35
2015-11-27,1058.81,1073.9,1052.86
2015-11-30,1064.42,1068.9,1053.1
2015-12-01,1069.49,1074.72,1063.38
2015-12-02,1053.69,1071.55,1050.63
2015-12-03,1062.57,1065.8,1046.25
2015-12-04,1086.99,1089.09,1058.14
2015-12-07,1070.39,1087.0,1070.06
2015-12-08,1074.69,1078.85,1067.63
2015-12-09,1073.21,1085.6,1069.59
2015-12-10,1071.54,1076.46,1069.7
2015-12-11,1074.89,1079.98,1062.38
2015-12-14,1062.9,1077.7,1062.77
2015-12-15,1060.74,1068.89,1059.59
2015-12-16,1072.94,1078.59,1060.64
2015-12-17,1051.74,1073.09,1047.64
2015-12-18,1066.19,1070.79,1051.05
2015-12-21,1078.44,1081.88,1063.88
2015-12-22,1072.36,1081.0,1071.85
2015-12-23,1070.35,1075.75,1068.25
2015-12-24,1075.88,1077.85,1070.05
2015-12-25,1075.88,1075.88,1075.88
2015-12-28,1069.05,1077.15,1066.3
2015-12-29,1068.99,1075.79,1067.29
2015-12-30,1061.45,1072.85,1059.55
2015-12-31,1061.3,1063.68,1058.38
2016-01-01,1060.74,1061.41,1060.74
2016-01-04,1074.7,1083.7,1061.9
2016-01-05,1077.66,1082.3,1072.7
2016-01-06,1094.45,1095.45,1074.7
2016-01-07,1109.25,1110.2,1091.09
2016-01-08,1104.24,1112.4,1093.93
2016-01-11,1094.26,1108.51,1093.91
2016-01-12,1087.05,1099.54,1083.61
2016-01-13,1093.49,1095.68,1079.64
2016-01-14,1078.0,1095.36,1071.4
2016-01-15,1089.1,1097.59,1076.18
2016-01-18,1088.9,1093.26,1087.25
2016-01-19,1087.12,1094.7,1082.95
2016-01-20,1101.02,1109.6,1086.73
2016-01-21,1101.6,1104.98,1092.54
2016-01-22,1098.3,1102.98,1093.98
2016-01-25,1108.05,1109.05,1097.35
2016-01-26,1120.57,1123.3,1107.17
2016-01-27,1125.59,1128.2,1114.9
2016-01-28,1115.14,1126.01,1111.96
2016-01-29,1118.04,1118.5,1108.9
2016-02-01,1128.85,1130.09,1116.24
2016-02-02,1129.12,1130.7,1122.44
2016-02-03,1142.93,1146.0,1124.35
2016-02-04,1155.74,1157.59,1139.43
2016-02-05,1173.69,1174.9,1145.36
2016-02-08,1191.14,1200.98,1164.09
2016-02-09,1188.85,1199.29,1185.48
2016-02-10,1197.49,1197.74,1181.29
2016-02-11,1246.89,1260.98,1196.21
2016-02-12,1238.05,1249.05,1232.23
2016-02-15,1209.95,1234.82,1202.3
2016-02-16,1200.35,1217.18,1190.79
2016-02-17,1209.14,1213.88,1195.79
2016-02-18,1232.35,1239.9,1200.75
2016-02-19,1228.19,1234.79,1219.79
2016-02-22,1208.74,1226.35,1202.02
2016-02-23,1227.46,1227.56,1207.2
2016-02-24,1229.35,1253.3,1221.93
2016-02-25,1234.64,1243.09,1221.18
2016-02-26,1222.6,1240.05,1211.59
2016-02-29,1238.14,1241.29,1217.98
2016-03-01,1232.26,1249.0,1227.44
2016-03-02,1240.3,1244.29,1224.48
2016-03-03,1263.69,1267.44,1237.34
2016-03-04,1259.44,1279.98,1250.29
2016-03-07,1267.39,1273.29,1256.68
2016-03-08,1261.1,1278.19,1260.04
2016-03-09,1252.94,1264.99,1243.87
2016-03-10,1271.44,1273.79,1237.44
2016-03-11,1248.44,1282.89,1248.44
2016-03-14,1235.28,1261.09,1229.28
2016-03-15,1232.38,1237.58,1226.08
2016-03-16,1263.08,1264.38,1227.24
2016-03-17,1257.9,1271.65,1254.65
2016-03-18,1255.3,1267.22,1248.3
2016-03-21,1243.74,1256.12,1240.76
2016-03-22,1248.38,1259.97,1242.47
2016-03-23,1220.17,1249.47,1215.47
2016-03-24,1216.99,1224.4,1213.01
2016-03-25,1216.47,1216.47,1216.47
2016-03-28,1221.05,1222.96,1208.55
2016-03-29,1242.55,1243.65,1215.65
2016-03-30,1224.85,1243.3,1223.33
2016-03-31,1232.7,1240.05,1224.81
2016-04-01,1222.49,1235.36,1208.84
2016-04-04,1215.4,1223.35,1214.7
2016-04-05,1231.14,1237.05,1214.9
2016-04-06,1222.35,1232.41,1217.2
2016-04-07,1240.69,1243.9,1222.7
2016-04-08,1240.39,1243.18,1229.62
2016-04-11,1257.95,1259.1,1239.79
2016-04-12,1255.94,1262.98,1251.29
2016-04-13,1243.14,1257.18,1240.24
2016-04-14,1227.39,1244.38,1223.79
2016-04-15,1234.05,1236.29,1225.29
2016-04-18,1231.55,1242.0,1230.16
2016-04-19,1250.5,1257.2,1227.7
2016-04-20,1244.05,1258.75,1242.6
2016-04-21,1248.85,1270.48,1242.88
2016-04-22,1232.3,1252.98,1227.35
2016-04-25,1237.9,1242.3,1230.1
2016-04-26,1243.44,1245.15,1231.95
2016-04-27,1246.1,1251.3,1240.66
2016-04-28,1266.48,1270.1,1238.05
2016-04-29,1293.74,1296.49,1265.14
2016-05-02,1291.6,1303.98,1287.48
2016-05-03,1286.0,1302.4,1282.46
2016-05-04,1279.49,1289.68,1271.64
2016-05-05,1278.05,1286.38,1269.24
2016-05-06,1288.7,1296.1,1274.4
2016-05-09,1263.85,1287.98,1261.09
2016-05-10,1266.4,1269.5,1257.65
2016-05-11,1277.69,1279.18,1264.79
2016-05-12,1263.49,1280.99,1263.49
2016-05-13,1273.6,1276.6,1263.51
2016-05-16,1273.86,1288.6,1271.33
2016-05-17,1280.0,1282.5,1269.5
2016-05-18,1258.3,1281.51,1255.05
2016-05-19,1255.1,1261.92,1245.0
2016-05-20,1252.3,1259.98,1248.7
2016-05-23,1249.24,1256.36,1243.39
2016-05-24,1227.0,1251.26,1226.53
2016-05-25,1224.18,1230.21,1217.65
2016-05-26,1220.15,1234.01,1218.55
2016-05-27,1212.4,1223.7,1206.7
2016-05-30,1205.58,1213.83,1199.97
2016-05-31,1215.24,1218.86,1206.2
2016-06-01,1213.35,1221.25,1206.5
2016-06-02,1210.95,1218.05,1209.99
2016-06-03,1244.49,1244.91,1207.01
2016-06-06,1245.24,1248.79,1239.93
2016-06-07,1243.85,1246.66,1234.9
2016-06-08,1262.14,1264.19,1243.09
2016-06-09,1269.15,1272.06,1257.56
2016-06-10,1274.2,1278.1,1264.47
2016-06-13,1284.05,1287.4,1272.7
2016-06-14,1285.85,1290.18,1276.38
2016-06-15,1291.49,1297.09,1278.43
2016-06-16,1279.14,1316.11,1278.77
2016-06-17,1298.6,1299.88,1277.19
2016-06-20,1290.15,1292.36,1277.74
2016-06-21,1268.44,1294.38,1264.48
2016-06-22,1266.31,1271.0,1261.41
2016-06-23,1255.65,1271.65,1255.46
2016-06-24,1315.98,1358.7,1251.66
2016-06-27,1324.8,1335.7,1317.85
2016-06-28,1312.51,1326.39,1305.62
2016-06-29,1318.89,1328.23,1311.29
2016-06-30,1322.18,1324.11,1312.95
2016-07-01,1342.3,1344.6,1320.88
2016-07-04,1350.78,1357.97,1338.34
2016-07-05,1356.14,1357.71,1338.43
2016-07-06,1363.89,1375.3,1356.23
2016-07-07,1360.6,1370.26,1350.8
2016-07-08,1366.8,1369.09,1336.08
2016-07-11,1355.25,1375.11,1351.2
2016-07-12,1331.65,1358.2,1330.15
2016-07-13,1342.85,1345.6,1327.7
2016-07-14,1335.1,1347.1,1320.22
2016-07-15,1337.85,1338.9,1322.55
2016-07-18,1328.79,1335.7,1323.84
2016-07-19,1332.13,1335.29,1325.61
2016-07-20,1315.95,1336.34,1312.49
2016-07-21,1331.09,1334.38,1310.95
2016-07-22,1322.38,1334.22,1319.58
2016-07-25,1315.56,1324.12,1312.43
2016-07-26,1320.32,1325.08,1313.83
2016-07-27,1339.86,1342.62,1315.74
2016-07-28,1335.79,1345.53,1332.23
2016-07-29,1350.91,1355.42,1330.0
2016-08-01,1353.21,1355.22,1346.24
2016-08-02,1363.68,1367.81,1347.06
2016-08-03,1357.9,1366.85,1354.16
2016-08-04,1361.2,1365.45,1348.9
2016-08-05,1335.8,1365.51,1334.87
2016-08-08,1335.38,1338.53,1329.84
2016-08-09,1340.75,1343.24,1330.47
2016-08-10,1346.67,1357.57,1340.3
2016-08-11,1338.87,1353.78,1335.93
2016-08-12,1336.19,1356.28,1333.98
2016-08-15,1339.36,1344.21,1335.95
2016-08-16,1346.08,1358.38,1339.47
2016-08-17,1348.66,1352.07,1337.7
2016-08-18,1352.34,1356.6,1345.84
2016-08-19,1341.78,1353.44,1337.93
2016-08-22,1339.02,1341.65,1332.1
2016-08-23,1338.1,1345.45,1335.65
2016-08-24,1323.75,1340.52,1323.7
2016-08-25,1321.7,1327.5,1317.96
2016-08-26,1321.33,1341.54,1318.89
2016-08-29,1323.41,1325.43,1315.1
2016-08-30,1311.15,1325.7,1309.15
2016-08-31,1308.95,1316.54,1305.41
2016-09-01,1313.79,1315.38,1302.23
2016-09-02,1325.01,1329.09,1309.51
2016-09-05,1327.08,1329.32,1322.31
2016-09-06,1349.88,1352.16,1324.77
2016-09-07,1345.24,1353.01,1342.74
2016-09-08,1338.35,1349.78,1335.54
2016-09-09,1328.15,1340.03,1327.7
2016-09-12,1327.63,1330.68,1320.79
2016-09-13,1319.05,1332.64,1315.72
2016-09-14,1322.97,1326.26,1316.13
2016-09-15,1314.25,1327.53,1309.7
2016-09-16,1310.43,1318.43,1306.62
2016-09-19,1313.39,1318.32,1309.27
2016-09-20,1315.1,1318.5,1312.31
2016-09-21,1336.85,1337.22,1308.6
2016-09-22,1337.3,1344.27,1331.56
2016-09-23,1337.61,1341.06,1333.59
2016-09-26,1337.97,1342.46,1332.56
2016-09-27,1327.36,1339.78,1324.81
2016-09-28,1321.41,1327.74,1317.89
2016-09-29,1320.27,1326.02,1315.89
2016-09-30,1315.96,1328.23,1312.83
2016-10-03,1311.96,1320.11,1309.58
2016-10-04,1268.3,1313.52,1266.81
2016-10-05,1266.7,1277.51,1262.12
2016-10-06,1254.74,1269.94,1250.2
2016-10-07,1256.97,1265.74,1241.68
2016-10-10,1259.74,1265.35,1256.59
2016-10-11,1253.25,1262.66,1252.6
2016-10-12,1255.33,1259.26,1250.31
2016-10-13,1258.12,1262.41,1253.53
2016-10-14,1250.55,1259.65,1247.51
2016-10-17,1255.7,1257.67,1250.25
2016-10-18,1262.84,1265.38,1254.9
2016-10-19,1269.4,1273.84,1260.24
2016-10-20,1266.0,1274.02,1264.55
2016-10-21,1266.75,1268.43,1261.2
2016-10-24,1264.44,1272.25,1260.75
2016-10-25,1274.35,1277.17,1262.4
2016-10-26,1266.99,1276.89,1264.58
2016-10-27,1268.3,1273.17,1265.4
2016-10-28,1276.3,1284.53,1262.42
2016-10-31,1277.38,1279.64,1270.89
2016-11-01,1288.15,1292.21,1275.55
2016-11-02,1297.39,1308.26,1287.5
2016-11-03,1303.75,1306.9,1285.51
2016-11-04,1304.25,1307.11,1294.65
2016-11-07,1281.41,1295.9,1277.8
2016-11-08,1275.64,1290.84,1273.04
2016-11-09,1278.0,1337.6,1269.38
2016-11-10,1259.76,1292.22,1252.28
2016-11-11,1225.68,1265.5,1219.5
2016-11-14,1220.26,1231.56,1211.47
2016-11-15,1228.08,1231.54,1219.06
2016-11-16,1225.3,1233.47,1221.6
2016-11-17,1216.39,1231.8,1211.12
2016-11-18,1208.69,1218.13,1203.9
2016-11-21,1214.05,1218.02,1205.74
2016-11-22,1212.24,1221.45,1206.24
2016-11-23,1187.77,1215.05,1181.57
2016-11-24,1184.0,1191.34,1181.79
2016-11-25,1183.63,1193.96,1171.96
2016-11-28,1193.44,1197.6,1182.96
2016-11-29,1188.46,1195.06,1180.97
2016-11-30,1173.11,1195.36,1170.75
2016-12-01,1171.3,1177.07,1160.77
2016-12-02,1176.92,1178.03,1166.2
2016-12-05,1170.26,1187.79,1157.08
2016-12-06,1169.74,1175.4,1166.53
2016-12-07,1174.0,1180.3,1165.35
2016-12-08,1170.55,1178.62,1168.88
2016-12-09,1157.87,1172.22,1156.17
2016-12-12,1162.21,1165.85,1151.43
2016-12-13,1158.35,1165.16,1154.71
2016-12-14,1144.25,1165.1,1139.47
2016-12-15,1128.43,1144.5,1122.44
2016-12-16,1134.09,1141.28,1126.46
2016-12-19,1139.05,1142.7,1134.14
2016-12-20,1132.2,1140.08,1125.63
2016-12-21,1131.8,1137.5,1129.29
2016-12-22,1128.69,1134.17,1127.43
2016-12-23,1133.49,1136.12,1128.18
2016-12-26,1133.94,1133.94,1133.94
2016-12-27,1139.35,1149.48,1131.85
2016-12-28,1142.45,1144.84,1136.54
2016-12-29,1158.32,1159.58,1140.81
2016-12-30,1151.85,1163.53,1149.49
2017-01-02,1150.52,1152.66,1149.66
2017-01-03,1158.91,1163.61,1145.77
2017-01-04,1163.8,1168.23,1156.35
2017-01-05,1180.48,1184.99,1162.38
2017-01-06,1172.81,1181.49,1170.37
2017-01-09,1181.27,1185.91,1171.89
2017-01-10,1187.74,1190.57,1179.86
2017-01-11,1191.85,1198.79,1177.33
2017-01-12,1195.66,1207.07,1191.0
2017-01-13,1197.66,1201.2,1187.93
2017-01-16,1203.17,1208.23,1198.17
2017-01-17,1216.54,1218.72,1202.38
2017-01-18,1203.64,1217.6,1201.91
2017-01-19,1205.14,1206.88,1195.86
2017-01-20,1209.96,1215.3,1198.68
2017-01-23,1217.48,1219.54,1209.27
2017-01-24,1208.81,1219.66,1206.02
2017-01-25,1200.31,1209.84,1192.83
2017-01-26,1188.57,1202.67,1184.11
2017-01-27,1191.6,1192.06,1181.04
2017-01-30,1195.35,1199.88,1188.15
2017-01-31,1210.63,1215.49,1193.83
2017-02-01,1209.49,1213.59,1198.12
2017-02-02,1215.93,1225.41,1208.26
2017-02-03,1219.88,1221.48,1207.18
2017-02-06,1235.59,1235.84,1219.01
2017-02-07,1233.72,1235.86,1227.41
2017-02-08,1241.99,1245.06,1230.29
2017-02-09,1230.89,1244.52,1230.22
2017-02-10,1234.12,1237.07,1221.12
2017-02-13,1225.44,1232.65,1219.37
2017-02-14,1228.61,1234.87,1221.75
2017-02-15,1232.94,1233.61,1216.8
2017-02-16,1239.14,1242.71,1232.04
2017-02-17,1235.29,1243.84,1234.52
2017-02-20,1238.38,1239.29,1232.62
2017-02-21,1235.97,1238.92,1225.8
2017-02-22,1237.69,1240.72,1231.62
2017-02-23,1249.41,1251.21,1235.2
2017-02-24,1256.94,1260.48,1247.54
2017-02-27,1252.76,1263.88,1250.48
2017-02-28,1248.59,1258.37,1247.48
2017-03-01,1248.94,1250.68,1236.53
2017-03-02,1235.3,1250.36,1231.16
2017-03-03,1234.3,1236.28,1222.59
2017-03-06,1225.96,1237.17,1224.65
2017-03-07,1215.67,1227.25,1213.67
2017-03-08,1207.58,1218.68,1206.13
2017-03-09,1200.83,1209.17,1199.12
2017-03-10,1204.55,1206.43,1194.62
2017-03-13,1204.05,1211.66,1202.47
2017-03-14,1199.08,1208.38,1197.54
2017-03-15,1219.4,1222.66,1197.93
2017-03-16,1226.78,1233.51,1217.83
2017-03-17,1229.15,1232.45,1225.06
2017-03-20,1233.9,1236.25,1229.51
2017-03-21,1245.0,1248.1,1226.82
2017-03-22,1249.35,1251.76,1243.89
2017-03-23,1245.3,1253.62,1242.84
2017-03-24,1244.17,1252.28,1240.72
2017-03-27,1254.3,1261.53,1247.69
2017-03-28,1251.63,1258.46,1247.52
2017-03-29,1252.45,1255.16,1247.25
2017-03-30,1243.3,1254.2,1242.61
2017-03-31,1249.13,1251.11,1240.05
2017-04-03,1253.35,1254.2,1244.55
2017-04-04,1256.22,1261.9,1254.46
2017-04-05,1255.3,1257.78,1243.85
2017-04-06,1251.8,1259.46,1249.85
2017-04-07,1254.05,1270.96,1250.8
2017-04-10,1254.73,1257.7,1247.5
2017-04-11,1274.44,1275.55,1253.29
2017-04-12,1286.6,1287.29,1272.42
2017-04-13,1287.74,1289.03,1281.74
2017-04-14,1285.69,1288.75,1285.31
2017-04-17,1284.8,1295.92,1281.61
2017-04-18,1289.64,1292.7,1279.4
2017-04-19,1279.66,1291.51,1276.48
2017-04-20,1281.85,1283.79,1276.74
2017-04-21,1284.5,1288.67,1278.43
2017-04-24,1275.3,1277.48,1266.01
2017-04-25,1263.76,1278.57,1261.81
2017-04-26,1269.05,1271.1,1260.3
2017-04-27,1264.6,1270.53,1261.61
2017-04-28,1268.15,1269.08,1263.3
2017-05-01,1256.8,1271.6,1254.16
2017-05-02,1256.9,1257.89,1251.48
2017-05-03,1238.38,1257.29,1236.41
2017-05-04,1227.75,1241.77,1225.7
2017-05-05,1227.74,1235.79,1225.83
2017-05-08,1226.3,1237.1,1225.36
2017-05-09,1221.3,1229.01,1214.21
2017-05-10,1219.15,1226.15,1217.49
2017-05-11,1224.85,1228.2,1217.81
2017-05-12,1228.83,1232.26,1224.55
2017-05-15,1230.71,1237.76,1227.2
2017-05-16,1236.8,1239.5,1230.51
2017-05-17,1260.74,1261.55,1236.3
2017-05-18,1247.05,1265.54,1245.9
2017-05-19,1255.55,1256.98,1246.61
2017-05-22,1260.46,1263.0,1251.61
2017-05-23,1251.16,1264.18,1250.46
2017-05-24,1258.55,1259.37,1247.7
2017-05-25,1255.76,1260.08,1253.89
2017-05-26,1267.05,1269.88,1252.88
2017-05-29,1266.97,1269.12,1265.12
2017-05-30,1263.1,1270.86,1259.39
2017-05-31,1268.59,1274.24,1259.26
2017-06-01,1265.64,1270.72,1261.49
2017-06-02,1279.98,1279.98,1259.0
2017-06-05,1279.95,1283.77,1278.0
2017-06-06,1294.0,1296.47,1279.44
2017-06-07,1286.91,1295.28,1283.0
2017-06-08,1278.9,1289.34,1271.49
2017-06-09,1266.4,1281.3,1264.74
2017-06-12,1265.74,1271.01,1263.95
2017-06-13,1265.85,1269.42,1259.66
2017-06-14,1261.18,1279.87,1257.15
2017-06-15,1254.0,1267.04,1251.68
2017-06-16,1253.63,1257.63,1251.55
2017-06-19,1243.25,1256.12,1243.22
2017-06-20,1243.19,1248.38,1241.38
2017-06-21,1246.55,1248.31,1241.25
2017-06-22,1250.62,1255.05,1245.55
2017-06-23,1256.9,1259.31,1249.74
2017-06-26,1244.45,1258.54,1236.96
2017-06-27,1247.1,1253.13,1241.12
2017-06-28,1249.32,1255.11,1247.37
2017-06-29,1245.74,1253.71,1239.66
2017-06-30,1241.6,1248.59,1239.7
2017-07-03,1220.46,1242.83,1218.41
2017-07-04,1223.97,1226.74,1220.69
2017-07-05,1226.95,1229.34,1217.64
2017-07-06,1225.15,1229.57,1222.56
2017-07-07,1212.9,1227.2,1207.25
2017-07-10,1214.35,1215.6,1204.85
2017-07-11,1217.69,1217.79,1207.89
2017-07-12,1220.0,1226.1,1214.51
2017-07-13,1217.45,1224.92,1216.63
2017-07-14,1228.98,1233.16,1214.95
2017-07-17,1234.4,1236.44,1228.3
2017-07-18,1242.46,1245.06,1233.01
2017-07-19,1240.87,1244.48,1236.05
2017-07-20,1244.74,1247.98,1235.24
2017-07-21,1254.9,1256.3,1243.35
2017-07-24,1255.24,1259.18,1251.78
2017-07-25,1249.05,1258.18,1249.01
2017-07-26,1261.1,1263.92,1243.91
2017-07-27,1259.0,1265.49,1254.52
2017-07-28,1269.25,1271.34,1257.45
2017-07-31,1269.55,1271.48,1265.93
2017-08-01,1269.05,1274.47,1264.05
2017-08-02,1266.7,1273.34,1263.18
2017-08-03,1268.65,1271.37,1258.7
2017-08-04,1258.6,1270.94,1254.75
2017-08-07,1257.69,1260.38,1255.68
2017-08-08,1260.64,1265.7,1251.41
2017-08-09,1277.55,1279.06,1260.96
2017-08-10,1286.9,1288.63,1274.85
2017-08-11,1289.21,1292.26,1281.55
2017-08-14,1281.95,1289.82,1278.12
2017-08-15,1272.13,1282.77,1267.98
2017-08-16,1283.1,1284.29,1268.19
2017-08-17,1288.01,1290.47,1282.2
2017-08-18,1284.5,1301.2,1283.64
2017-08-21,1291.22,1293.58,1280.6
2017-08-22,1284.72,1292.69,1282.11
2017-08-23,1290.62,1292.03,1283.09
2017-08-24,1286.33,1291.3,1284.55
2017-08-25,1291.15,1294.14,1278.66
2017-08-28,1310.49,1312.99,1292.49
2017-08-29,1309.5,1326.14,1304.93
2017-08-30,1308.76,1313.87,1305.26
2017-08-31,1322.07,1324.11,1300.82
2017-09-01,1324.97,1329.2,1316.65
2017-09-04,1334.67,1339.85,1331.92
2017-09-05,1339.33,1345.18,1327.96
2017-09-06,1334.14,1342.84,1331.66
2017-09-07,1349.2,1350.27,1332.6
2017-09-08,1346.71,1357.94,1343.0
2017-09-11,1327.32,1340.36,1326.36
2017-09-12,1331.94,1332.43,1322.55
2017-09-13,1323.25,1335.05,1320.91
2017-09-14,1329.83,1330.69,1316.11
2017-09-15,1319.62,1334.76,1319.62
2017-09-18,1307.57,1320.5,1305.03
2017-09-19,1311.28,1311.78,1304.98
2017-09-20,1301.15,1316.25,1295.96
2017-09-21,1291.39,1302.07,1287.99
2017-09-22,1297.38,1299.14,1291.3
2017-09-25,1310.55,1311.9,1290.63
2017-09-26,1293.89,1313.92,1293.04
2017-09-27,1281.12,1296.54,1281.12
2017-09-28,1287.3,1289.0,1277.64
2017-09-29,1279.45,1290.47,1278.24
2017-10-02,1271.12,1279.61,1270.45
2017-10-03,1271.75,1274.71,1267.91
2017-10-04,1274.69,1282.42,1270.85
2017-10-05,1268.05,1279.42,1266.9
2017-10-06,1276.03,1277.18,1260.89
2017-10-09,1284.1,1285.5,1275.21
2017-10-10,1287.85,1294.63,1282.29
2017-10-11,1291.8,1293.56,1284.12
2017-10-12,1293.6,1297.6,1289.47
2017-10-13,1304.88,1304.88,1291.04
2017-10-16,1294.74,1306.8,1291.01
2017-10-17,1285.19,1296.66,1281.69
2017-10-18,1281.17,1289.08,1277.13
2017-10-19,1289.79,1290.69,1276.61
2017-10-20,1280.72,1291.47,1277.88
2017-10-23,1282.07,1283.66,1272.24
2017-10-24,1276.72,1284.06,1273.43
2017-10-25,1277.41,1280.39,1271.03
2017-10-26,1267.11,1282.8,1265.69
2017-10-27,1273.35,1274.8,1264.1
2017-10-30,1276.24,1279.29,1268.8
2017-10-31,1271.58,1278.36,1268.01
2017-11-01,1274.39,1281.25,1267.98
2017-11-02,1275.99,1284.49,1273.64
2017-11-03,1269.85,1279.74,1265.55
2017-11-06,1281.55,1283.01,1266.05
2017-11-07,1275.53,1281.97,1271.68
2017-11-08,1281.3,1287.52,1275.23
2017-11-09,1285.3,1288.72,1280.09
2017-11-10,1276.14,1287.16,1273.33
2017-11-13,1277.99,1280.22,1274.29
2017-11-14,1280.71,1283.68,1270.64
2017-11-15,1278.8,1289.47,1277.04
2017-11-16,1278.47,1281.6,1274.98
2017-11-17,1294.37,1297.04,1277.94
2017-11-20,1276.7,1294.8,1274.92
2017-11-21,1280.48,1284.87,1276.08
2017-11-22,1292.12,1294.75,1278.77
2017-11-23,1291.25,1293.46,1287.46
2017-11-24,1288.22,1293.61,1286.15
2017-11-27,1294.5,1299.2,1286.47
2017-11-28,1294.01,1297.74,1291.01
2017-11-29,1283.57,1296.75,1281.98
2017-11-30,1274.76,1285.7,1270.51
2017-12-01,1280.26,1289.58,1271.58
2017-12-04,1276.23,1277.24,1271.8
2017-12-05,1266.55,1277.41,1261.11
2017-12-06,1263.94,1269.32,1262.39
2017-12-07,1246.7,1264.82,1244.11
2017-12-08,1248.14,1252.66,1244.34
2017-12-11,1241.96,1251.67,1240.19
2017-12-12,1243.85,1246.62,1236.31
2017-12-13,1255.45,1256.95,1240.06
2017-12-14,1252.85,1259.18,1249.92
2017-12-15,1255.26,1261.89,1251.94
2017-12-18,1261.69,1264.37,1252.68
2017-12-19,1261.72,1265.26,1258.97
2017-12-20,1265.62,1267.84,1261.23
2017-12-21,1266.76,1268.97,1263.02
2017-12-22,1275.01,1276.38,1265.1
2017-12-25,1275.24,1275.24,1275.24
2017-12-26,1283.29,1283.77,1273.25
2017-12-27,1287.41,1289.4,1281.46
2017-12-28,1294.84,1295.3,1286.66
2017-12-29,1302.55,1307.69,1293.59
2018-01-01,1306.86,1307.72,1302.43
2018-01-02,1318.14,1318.98,1302.51
2018-01-03,1312.84,1321.4,1307.16
2018-01-04,1322.97,1325.92,1305.67
2018-01-05,1320.21,1323.83,1313.81
2018-01-08,1320.58,1322.22,1314.97
2018-01-09,1312.66,1320.68,1308.8
2018-01-10,1317.19,1326.94,1308.29
2018-01-11,1322.42,1323.98,1315.49
2018-01-12,1338.4,1339.4,1321.16
2018-01-15,1340.16,1344.93,1336.14
2018-01-16,1338.61,1342.35,1331.73
2018-01-17,1327.73,1343.99,1326.73
2018-01-18,1327.19,1333.14,1323.79
2018-01-19,1331.8,1338.37,1326.46
2018-01-22,1334.11,1336.04,1328.71
2018-01-23,1341.39,1342.22,1331.54
2018-01-24,1358.15,1361.88,1339.27
2018-01-25,1348.05,1366.47,1343.1
2018-01-26,1350.14,1357.39,1344.38
2018-01-29,1340.35,1352.65,1337.74
2018-01-30,1338.55,1349.12,1334.48
2018-01-31,1345.1,1347.93,1332.7
2018-02-01,1349.19,1351.42,1337.3
2018-02-02,1332.98,1350.12,1327.21
2018-02-05,1339.6,1341.7,1328.88
2018-02-06,1325.02,1346.08,1320.04
2018-02-07,1318.49,1332.49,1312.05
2018-02-08,1318.97,1322.17,1306.9
2018-02-09,1316.69,1322.71,1311.06
2018-02-12,1322.88,1326.2,1314.11
2018-02-13,1329.55,1330.96,1321.39
2018-02-14,1350.76,1355.57,1319.42
2018-02-15,1353.3,1357.18,1348.41
2018-02-16,1347.86,1361.97,1344.82
2018-02-19,1346.69,1351.34,1345.82
2018-02-20,1329.49,1348.36,1328.39
2018-02-21,1324.26,1336.27,1322.36
2018-02-22,1331.51,1332.34,1320.84
2018-02-23,1328.94,1332.42,1325.73
2018-02-26,1333.16,1341.06,1326.59
2018-02-27,1318.2,1336.9,1313.47
2018-02-28,1318.05,1322.64,1315.59
2018-03-01,1316.55,1321.16,1302.76
2018-03-02,1322.2,1325.65,1315.12
2018-03-05,1320.02,1328.02,1317.43
2018-03-06,1334.46,1338.72,1319.72
2018-03-07,1325.54,1340.68,1322.24
2018-03-08,1322.34,1329.22,1318.98
2018-03-09,1323.7,1325.33,1313.06
2018-03-12,1323.05,1324.52,1315.18
2018-03-13,1326.4,1328.48,1316.55
2018-03-14,1325.0,1330.27,1321.58
2018-03-15,1316.26,1328.06,1314.86
2018-03-16,1314.0,1321.86,1309.56
2018-03-19,1316.94,1319.86,1307.71
2018-03-20,1311.21,1318.48,1307.13
2018-03-21,1332.18,1336.79,1309.8
2018-03-22,1328.95,1335.01,1324.73
2018-03-23,1347.22,1350.41,1328.98
2018-03-26,1353.46,1356.13,1343.4
2018-03-27,1344.71,1356.87,1339.93
2018-03-28,1324.99,1347.23,1323.42
2018-03-29,1325.0,1328.54,1321.33
2018-04-02,1341.35,1345.03,1324.76
2018-04-03,1332.82,1342.68,1328.93
2018-04-04,1333.34,1348.27,1331.44
2018-04-05,1326.55,1335.1,1322.63
2018-04-06,1333.19,1335.49,1321.28
2018-04-09,1336.24,1338.16,1326.8
2018-04-10,1340.05,1342.79,1331.11
2018-04-11,1353.29,1365.37,1339.48
2018-04-12,1335.48,1353.42,1333.74
2018-04-13,1345.46,1347.31,1335.17
2018-04-16,1345.92,1350.73,1340.07
2018-04-17,1347.29,1349.61,1337.59
2018-04-18,1349.32,1355.9,1342.07
2018-04-19,1345.6,1354.95,1340.94
2018-04-20,1335.13,1346.47,1334.86
2018-04-23,1325.0,1335.66,1322.04
2018-04-24,1330.68,1332.86,1322.51
2018-04-25,1323.33,1332.26,1318.76
2018-04-26,1317.28,1326.8,1315.24
2018-04-27,1322.8,1325.41,1315.45
2018-04-30,1315.35,1325.17,1310.29
2018-05-01,1303.97,1316.56,1301.74
2018-05-02,1304.84,1313.59,1303.79
2018-05-03,1312.09,1318.23,1304.6
2018-05-04,1315.05,1315.47,1308.08
2018-05-07,1314.3,1319.08,1310.15
2018-05-08,1314.47,1317.86,1305.99
2018-05-09,1312.78,1317.61,1304.34
2018-05-10,1321.4,1322.94,1310.74
2018-05-11,1318.22,1326.17,1317.63
2018-05-14,1312.82,1322.58,1312.75
2018-05-15,1290.65,1315.06,1288.56
2018-05-16,1291.03,1297.13,1286.37
2018-05-17,1291.0,1294.59,1285.64
2018-05-18,1292.5,1294.44,1286.02
2018-05-21,1292.68,1293.38,1282.0
2018-05-22,1291.32,1296.28,1287.78
2018-05-23,1293.75,1298.01,1288.02
2018-05-24,1304.88,1306.77,1292.68
2018-05-25,1301.61,1307.95,1299.81
2018-05-28,1298.1,1300.3,1295.41
2018-05-29,1298.85,1306.46,1293.62
2018-05-30,1301.48,1304.55,1295.66
2018-05-31,1298.32,1306.69,1297.75
2018-06-01,1293.15,1300.66,1289.34
2018-06-04,1291.98,1298.26,1290.18
2018-06-05,1296.14,1300.81,1289.77
2018-06-06,1297.0,1302.1,1293.77
2018-06-07,1297.13,1303.3,1294.87
2018-06-08,1298.75,1300.93,1293.84
2018-06-11,1300.15,1302.5,1293.96
2018-06-12,1295.97,1300.81,1292.97
2018-06-13,1299.71,1301.44,1292.42
2018-06-14,1302.22,1309.64,1297.32
2018-06-15,1279.84,1303.33,1275.3
2018-06-18,1278.31,1281.92,1276.94
2018-06-19,1274.77,1284.43,1270.28
2018-06-20,1268.1,1276.59,1267.6
2018-06-21,1267.2,1270.47,1261.23
2018-06-22,1269.28,1271.27,1266.48
2018-06-25,1266.0,1272.9,1264.2
2018-06-26,1258.98,1268.04,1254.54
2018-06-27,1252.02,1260.23,1250.64
2018-06-28,1248.28,1254.42,1245.67
2018-06-29,1253.0,1256.04,1246.06
2018-07-02,1241.97,1254.48,1239.45
2018-07-03,1252.93,1257.31,1237.71
2018-07-04,1256.95,1261.44,1251.81
2018-07-05,1257.76,1259.99,1251.04
2018-07-06,1254.98,1258.96,1252.54
2018-07-09,1257.77,1266.26,1255.02
2018-07-10,1255.65,1260.64,1247.16
2018-07-11,1242.16,1257.1,1241.28
2018-07-12,1247.15,1248.93,1241.23
2018-07-13,1241.52,1248.27,1236.78
2018-07-16,1240.82,1245.9,1238.13
2018-07-17,1227.52,1245.31,1225.94
2018-07-18,1227.18,1229.54,1221.07
2018-07-19,1222.8,1229.07,1211.48
2018-07-20,1231.77,1232.94,1215.7
2018-07-23,1224.54,1235.5,1222.07
2018-07-24,1224.55,1229.76,1218.08
2018-07-25,1231.61,1234.51,1223.02
2018-07-26,1222.68,1235.57,1222.13
2018-07-27,1223.38,1227.51,1217.3
2018-07-30,1221.8,1225.44,1218.86
2018-07-31,1223.83,1228.52,1214.48
2018-08-01,1216.06,1225.1,1215.58
2018-08-02,1207.96,1221.39,1207.03
2018-08-03,1213.43,1220.38,1204.28
2018-08-06,1206.94,1218.21,1206.44
2018-08-07,1211.02,1216.51,1207.54
2018-08-08,1213.6,1216.2,1206.28
2018-08-09,1212.34,1217.64,1210.64
2018-08-10,1211.3,1217.29,1205.66
2018-08-13,1193.64,1214.07,1191.61
2018-08-14,1194.03,1198.99,1191.99
2018-08-15,1174.88,1194.84,1173.03
2018-08-16,1174.16,1182.25,1160.19
2018-08-17,1184.77,1185.34,1171.82
2018-08-20,1190.53,1191.26,1182.61
2018-08-21,1196.13,1197.13,1187.47
2018-08-22,1195.51,1201.84,1192.4
2018-08-23,1185.31,1196.84,1183.67
2018-08-24,1205.96,1208.83,1183.12
2018-08-27,1211.34,1212.63,1202.86
2018-08-28,1201.26,1214.67,1199.39
2018-08-29,1206.66,1207.63,1200.89
2018-08-30,1199.88,1208.05,1196.2
2018-08-31,1201.09,1209.17,1198.42
2018-09-03,1201.15,1204.2,1195.64
2018-09-04,1191.35,1202.33,1189.53
2018-09-05,1196.75,1198.72,1190.86
2018-09-06,1200.15,1207.37,1195.61
2018-09-07,1195.85,1203.8,1193.19
2018-09-10,1195.88,1198.72,1191.4
2018-09-11,1198.29,1199.6,1187.57
2018-09-12,1206.19,1208.85,1192.51
2018-09-13,1201.44,1212.9,1199.98
2018-09-14,1193.71,1208.94,1192.93
2018-09-17,1200.93,1205.17,1192.76
2018-09-18,1198.35,1203.78,1195.76
2018-09-19,1203.98,1206.41,1197.64
2018-09-20,1207.58,1208.69,1201.07
2018-09-21,1199.55,1211.39,1191.76
2018-09-24,1198.85,1204.44,1194.21
2018-09-25,1201.31,1203.51,1197.01
2018-09-26,1194.46,1202.84,1190.41
2018-09-27,1182.8,1198.96,1181.88
2018-09-28,1192.09,1193.95,1180.68
2018-10-01,1188.46,1192.51,1184.46
2018-10-02,1203.1,1208.52,1188.44
2018-10-03,1197.37,1208.72,1196.55
2018-10-04,1199.66,1207.09,1195.77
2018-10-05,1202.85,1206.09,1196.99
2018-10-08,1188.01,1204.31,1183.57
2018-10-09,1189.62,1192.19,1183.24
2018-10-10,1194.78,1194.98,1185.13
2018-10-11,1224.33,1226.51,1191.1
2018-10-12,1217.93,1224.38,1215.6
2018-10-15,1226.94,1233.67,1217.4
2018-10-16,1224.43,1232.71,1223.35
2018-10-17,1222.68,1229.82,1220.33
2018-10-18,1225.75,1230.51,1218.44
2018-10-19,1226.31,1231.01,1222.93
2018-10-22,1222.17,1229.78,1219.95
2018-10-23,1230.48,1239.94,1221.65
2018-10-24,1234.22,1234.24,1225.42
2018-10-25,1232.23,1239.54,1227.84
2018-10-26,1233.58,1243.63,1229.78
2018-10-29,1229.74,1235.73,1224.31
2018-10-30,1223.44,1230.83,1219.71
2018-10-31,1214.54,1223.5,1211.82
2018-11-01,1233.23,1237.74,1214.69
2018-11-02,1232.89,1236.72,1229.67
2018-11-05,1231.3,1235.32,1226.77
2018-11-06,1226.8,1236.33,1223.34
2018-11-07,1226.1,1236.2,1223.13
2018-11-08,1223.54,1227.24,1219.94
2018-11-09,1209.59,1224.09,1206.53
2018-11-12,1200.65,1211.79,1200.31
2018-11-13,1202.34,1205.57,1196.19
2018-11-14,1210.91,1216.51,1197.43
2018-11-15,1213.0,1216.66,1207.83
2018-11-16,1221.47,1225.67,1212.61
2018-11-19,1224.05,1225.51,1217.82
2018-11-20,1221.55,1229.04,1219.69
2018-11-21,1226.02,1230.33,1219.52
2018-11-22,1227.45,1229.45,1224.81
2018-11-23,1223.19,1228.92,1220.12
2018-11-26,1222.37,1228.44,1221.45
2018-11-27,1214.69,1225.43,1211.71
2018-11-28,1221.11,1226.55,1210.99
2018-11-29,1223.99,1229.23,1220.45
2018-11-30,1221.96,1225.95,1216.49
2018-12-03,1231.07,1235.19,1221.22
2018-12-04,1238.55,1242.22,1230.34
2018-12-05,1237.56,1239.64,1233.21
2018-12-06,1237.99,1244.72,1234.56
2018-12-07,1248.09,1250.44,1237.29
2018-12-10,1244.58,1250.85,1241.47
2018-12-11,1242.94,1249.89,1240.81
2018-12-12,1245.8,1247.52,1241.94
2018-12-13,1242.46,1247.14,1240.05
2018-12-14,1238.21,1243.3,1232.7
2018-12-17,1245.91,1248.46,1235.69
2018-12-18,1249.38,1250.63,1244.79
2018-12-19,1243.4,1258.44,1241.49
2018-12-20,1260.15,1266.7,1242.7
2018-12-21,1256.01,1263.12,1253.68
2018-12-24,1269.13,1270.13,1257.96
2018-12-26,1266.98,1279.33,1264.56
2018-12-27,1275.22,1279.3,1266.42
2018-12-28,1280.75,1282.34,1274.19
2018-12-31,1282.82,1284.34,1277.31
2019-01-01,1282.61,1283.05,1282.52
2019-01-02,1284.77,1288.93,1278.59
2019-01-03,1293.99,1295.11,1284.17
2019-01-04,1284.92,1298.68,1276.66
2019-01-07,1288.67,1295.42,1282.53
2019-01-08,1285.35,1290.44,1279.1
2019-01-09,1293.13,1294.25,1279.9
2019-01-10,1286.38,1297.47,1285.99
2019-01-11,1288.0,1295.55,1286.01
2019-01-14,1291.73,1296.21,1287.45
2019-01-15,1289.31,1295.03,1286.6
2019-01-16,1293.52,1295.22,1287.77
2019-01-17,1291.9,1295.62,1288.67
2019-01-18,1281.49,1292.73,1280.49
2019-01-21,1280.28,1283.95,1276.58
2019-01-22,1285.04,1285.84,1277.21
2019-01-23,1282.4,1286.9,1278.4
2019-01-24,1280.94,1285.19,1276.79
2019-01-25,1303.22,1303.78,1279.71
2019-01-28,1303.53,1304.79,1297.54
2019-01-29,1311.93,1312.34,1302.45
2019-01-30,1319.91,1323.67,1308.81
2019-01-31,1320.94,1326.65,1317.39
2019-02-01,1318.0,1323.82,1315.94
2019-02-04,1311.75,1319.11,1308.5
2019-02-05,1315.02,1317.13,1310.59
2019-02-06,1306.22,1316.16,1305.7
2019-02-07,1310.09,1312.27,1302.53
2019-02-08,1314.06,1316.05,1307.53
2019-02-11,1308.32,1315.01,1303.69
2019-02-12,1310.9,1315.1,1306.44
2019-02-13,1306.19,1318.36,1304.8
2019-02-14,1312.55,1314.7,1302.88
2019-02-15,1321.41,1322.76,1311.17
2019-02-18,1326.9,1328.05,1320.6
2019-02-19,1341.17,1342.11,1322.63
2019-02-20,1338.49,1347.11,1336.79
2019-02-21,1323.49,1341.71,1321.99
2019-02-22,1327.8,1333.41,1321.39
2019-02-25,1327.13,1332.8,1325.15
2019-02-26,1328.96,1330.4,1323.44
2019-02-27,1319.88,1329.96,1316.78
2019-02-28,1313.05,1327.44,1312.41
2019-03-01,1293.56,1315.46,1290.24
2019-03-04,1286.67,1297.35,1282.88
2019-03-05,1287.43,1289.92,1281.1
2019-03-06,1286.76,1291.11,1283.51
2019-03-07,1285.74,1289.1,1281.27
2019-03-08,1298.4,1300.85,1285.18
2019-03-11,1294.25,1299.44,1290.34
2019-03-12,1302.01,1302.4,1292.08
2019-03-13,1309.28,1311.56,1300.61
2019-03-14,1296.28,1310.53,1292.83
2019-03-15,1301.38,1306.79,1293.82
2019-03-18,1303.7,1306.89,1298.19
2019-03-19,1306.55,1311.19,1302.5
2019-03-20,1312.48,1317.03,1298.58
2019-03-21,1309.45,1320.62,1303.4
2019-03-22,1313.38,1315.2,1306.81
2019-03-25,1321.9,1324.57,1310.97
2019-03-26,1315.52,1323.41,1312.69
2019-03-27,1309.86,1319.6,1308.03
2019-03-28,1290.55,1312.48,1288.58
2019-03-29,1292.15,1300.01,1286.77
2019-04-01,1287.67,1297.23,1286.64
2019-04-02,1293.15,1293.15,1285.17
2019-04-03,1289.91,1294.81,1288.34
2019-04-04,1292.38,1294.55,1280.91
2019-04-05,1291.7,1293.69,1284.44
2019-04-08,1297.42,1303.97,1291.39
2019-04-09,1304.14,1306.5,1296.57
2019-04-10,1308.05,1310.96,1301.06
2019-04-11,1292.59,1309.37,1289.66
2019-04-12,1290.4,1296.1,1290.09
2019-04-15,1287.89,1292.08,1282.37
2019-04-16,1276.57,1288.85,1272.94
2019-04-17,1274.14,1280.01,1272.94
2019-04-18,1275.4,1277.97,1271.07
2019-04-22,1274.93,1280.14,1273.66
2019-04-23,1272.4,1276.83,1266.25
2019-04-24,1275.36,1278.79,1268.58
2019-04-25,1277.35,1282.81,1273.35
2019-04-26,1286.25,1289.01,1276.05
2019-04-29,1279.8,1287.0,1277.97
2019-04-30,1283.6,1286.58,1279.69
2019-05-01,1276.6,1287.38,1273.16
2019-05-02,1270.54,1278.18,1266.18
2019-05-03,1279.19,1282.84,1268.9
2019-05-06,1280.32,1285.9,1276.85
2019-05-07,1285.15,1286.37,1278.04
2019-05-08,1280.93,1291.73,1279.37
2019-05-09,1284.14,1288.57,1279.43
2019-05-10,1286.0,1289.6,1283.1
2019-05-13,1299.91,1301.5,1281.77
2019-05-14,1297.03,1303.47,1293.52
2019-05-15,1296.67,1301.18,1292.85
2019-05-16,1286.65,1299.06,1284.06
2019-05-17,1277.55,1289.24,1274.91
2019-05-20,1277.74,1279.32,1273.6
2019-05-21,1274.97,1278.16,1269.34
2019-05-22,1273.61,1277.59,1272.28
2019-05-23,1283.45,1287.62,1272.61
2019-05-24,1284.9,1285.59,1280.59
2019-05-27,1285.2,1287.69,1283.68
2019-05-28,1279.49,1286.75,1276.01
2019-05-29,1279.6,1285.79,1278.88
2019-05-30,1288.85,1289.24,1274.82
2019-05-31,1305.65,1307.11,1288.0
2019-06-03,1325.17,1328.34,1306.62
2019-06-04,1325.28,1329.41,1319.9
2019-06-05,1330.18,1344.24,1324.53
2019-06-06,1335.55,1340.09,1327.26
2019-06-07,1340.7,1348.45,1330.08
2019-06-10,1328.13,1337.77,1324.9
2019-06-11,1326.91,1330.22,1319.74
2019-06-12,1333.55,1338.58,1326.04
2019-06-13,1342.35,1343.41,1332.22
2019-06-14,1341.58,1358.4,1337.88
2019-06-17,1339.54,1343.53,1332.83
2019-06-18,1346.48,1354.68,1338.54
2019-06-19,1360.27,1362.5,1341.19
2019-06-20,1388.18,1393.3,1357.66
2019-06-21,1399.05,1411.08,1382.44
2019-06-24,1419.55,1421.2,1400.33
2019-06-25,1423.25,1438.99,1412.3
2019-06-26,1408.75,1424.03,1402.37
2019-06-27,1409.68,1411.94,1400.23
2019-06-28,1409.5,1424.67,1406.64
2019-07-01,1384.31,1397.69,1381.84
2019-07-02,1418.44,1419.8,1383.55
2019-07-03,1418.94,1436.29,1412.52
2019-07-04,1415.65,1422.02,1410.43
2019-07-05,1399.95,1424.24,1386.97
2019-07-08,1395.5,1408.03,1391.79
2019-07-09,1397.9,1400.13,1386.35
2019-07-10,1419.0,1419.21,1389.88
2019-07-11,1404.0,1426.21,1401.58
2019-07-12,1415.74,1417.09,1403.12
2019-07-15,1414.08,1419.75,1407.69
2019-07-16,1406.33,1418.34,1401.23
2019-07-17,1426.8,1427.0,1400.18
2019-07-18,1446.3,1448.35,1414.68
2019-07-19,1425.3,1452.96,1420.4
2019-07-22,1425.12,1429.77,1422.34
2019-07-23,1417.39,1429.25,1414.29
2019-07-24,1425.9,1429.55,1416.43
2019-07-25,1414.53,1433.84,1411.08
2019-07-26,1418.69,1424.83,1413.72
2019-07-29,1426.94,1428.46,1416.98
2019-07-30,1430.85,1433.12,1422.12
2019-07-31,1413.8,1433.07,1411.42
2019-08-01,1445.31,1445.98,1400.65
2019-08-02,1440.7,1448.23,1430.2
2019-08-05,1463.8,1470.05,1437.03
2019-08-06,1474.27,1475.04,1456.61
2019-08-07,1501.2,1510.28,1472.28
2019-08-08,1500.95,1509.72,1490.08
2019-08-09,1497.24,1508.4,1494.69
2019-08-12,1511.41,1517.95,1487.91
2019-08-13,1501.39,1534.75,1481.38
2019-08-14,1516.33,1524.3,1494.34
2019-08-15,1523.2,1527.0,1508.22
2019-08-16,1514.15,1527.75,1504.2
2019-08-19,1495.3,1513.0,1492.65
2019-08-20,1507.1,1508.6,1492.85
2019-08-21,1502.3,1508.4,1496.15
2019-08-22,1498.8,1504.68,1491.85
2019-08-23,1526.85,1530.11,1493.05
2019-08-26,1526.35,1555.13,1524.55
2019-08-27,1542.65,1544.78,1524.85
2019-08-28,1539.1,1547.03,1531.55
2019-08-29,1527.7,1550.72,1519.5
2019-08-30,1520.25,1533.45,1517.43
2019-09-02,1530.59,1533.81,1519.15
2019-09-03,1547.0,1549.9,1521.51
2019-09-04,1552.6,1557.38,1533.81
2019-09-05,1519.35,1553.38,1509.39
2019-09-06,1506.95,1527.9,1502.89
2019-09-09,1498.95,1515.55,1497.72
2019-09-10,1486.4,1501.45,1484.27
2019-09-11,1497.6,1498.56,1485.0
2019-09-12,1498.95,1523.96,1488.8
2019-09-13,1488.7,1509.25,1485.73
2019-09-16,1498.8,1512.2,1495.75
2019-09-17,1503.1,1507.48,1493.36
2019-09-18,1493.9,1511.32,1484.36
2019-09-19,1499.2,1504.35,1488.9
2019-09-20,1517.15,1517.24,1497.9
2019-09-23,1522.11,1527.25,1511.5
2019-09-24,1532.3,1535.85,1515.8
2019-09-25,1504.15,1535.42,1501.31
2019-09-26,1505.8,1512.7,1501.97
2019-09-27,1496.94,1507.7,1487.04
2019-09-30,1472.25,1500.5,1464.42
2019-10-01,1478.98,1487.37,1459.0
2019-10-02,1499.51,1505.11,1474.42
2019-10-03,1505.0,1518.81,1495.99
2019-10-04,1504.6,1511.17,1497.15
2019-10-07,1493.6,1509.64,1489.94
2019-10-08,1505.51,1508.71,1487.45
2019-10-09,1505.7,1511.6,1499.7
2019-10-10,1494.3,1517.08,1491.42
2019-10-11,1489.85,1503.45,1474.28
2019-10-14,1492.9,1497.38,1482.82
2019-10-15,1481.17,1498.17,1477.53
2019-10-16,1489.77,1491.65,1477.06
2019-10-17,1491.89,1497.5,1483.45
2019-10-18,1490.1,1494.26,1484.82
2019-10-21,1484.5,1495.48,1481.91
2019-10-22,1488.05,1489.29,1480.87
2019-10-23,1492.1,1496.5,1487.62
2019-10-24,1503.65,1504.27,1488.02
2019-10-25,1504.73,1518.07,1500.56
2019-10-28,1492.69,1508.58,1489.86
2019-10-29,1487.6,1495.16,1483.72
2019-10-30,1495.4,1496.91,1481.21
2019-10-31,1513.35,1514.53,1493.72
2019-11-01,1513.95,1515.81,1503.31
2019-11-04,1509.63,1514.97,1504.33
2019-11-05,1484.1,1510.1,1479.65
2019-11-06,1490.46,1494.46,1482.45
2019-11-07,1468.07,1492.48,1461.24
2019-11-08,1458.66,1473.33,1456.28
2019-11-11,1455.9,1466.77,1448.28
2019-11-12,1457.19,1460.55,1445.61
2019-11-13,1463.19,1467.36,1455.96
2019-11-14,1471.2,1474.62,1460.93
2019-11-15,1467.37,1471.49,1462.28
2019-11-18,1470.85,1474.3,1456.26
2019-11-19,1472.38,1475.72,1464.6
2019-11-20,1471.25,1479.15,1465.88
2019-11-21,1464.4,1475.98,1462.6
2019-11-22,1462.29,1473.3,1461.23
2019-11-25,1454.97,1462.41,1453.89
2019-11-26,1461.6,1462.97,1450.63
2019-11-27,1454.35,1462.11,1452.45
2019-11-28,1458.34,1458.57,1454.37
2019-11-29,1464.8,1466.81,1452.93
2019-12-02,1462.44,1467.03,1453.91
2019-12-03,1477.34,1482.22,1459.39
2019-12-04,1474.35,1484.55,1471.39
2019-12-05,1475.7,1480.72,1472.9
2019-12-06,1459.76,1477.45,1458.61
2019-12-09,1461.99,1465.8,1458.76
2019-12-10,1464.21,1469.36,1459.8
2019-12-11,1474.85,1479.04,1462.59
2019-12-12,1469.43,1486.95,1464.78
2019-12-13,1475.81,1478.22,1462.48
2019-12-16,1476.25,1480.03,1472.99
2019-12-17,1476.45,1480.78,1474.23
2019-12-18,1475.44,1479.67,1470.32
2019-12-19,1479.15,1481.97,1473.01
2019-12-20,1478.2,1481.26,1475.7
2019-12-23,1485.52,1486.29,1477.51
2019-12-24,1499.56,1500.77,1484.41
2019-12-25,1499.55,1499.55,1499.55
2019-12-26,1511.55,1512.77,1497.66
2019-12-27,1510.67,1515.47,1507.05
2019-12-30,1515.22,1516.54,1510.43
2019-12-31,1517.4,1525.45,1514.66
2020-01-01,1517.3,1517.48,1517.19
2020-01-02,1528.94,1531.55,1517.22
2020-01-03,1551.65,1553.7,1528.0
2020-01-06,1565.96,1583.44,1560.9
2020-01-07,1573.99,1577.53,1555.29
2020-01-08,1555.81,1611.15,1552.23
2020-01-09,1552.37,1561.67,1540.18
2020-01-10,1562.28,1563.27,1545.52
2020-01-13,1548.3,1562.3,1546.77
2020-01-14,1546.37,1548.95,1536.12
2020-01-15,1556.19,1558.44,1546.11
2020-01-16,1552.79,1558.19,1548.05
2020-01-17,1556.61,1561.45,1549.36
2020-01-20,1561.58,1563.0,1556.39
2020-01-21,1558.02,1568.75,1546.41
2020-01-22,1558.92,1559.63,1550.08
2020-01-23,1563.32,1568.17,1551.68
2020-01-24,1570.65,1576.01,1556.42
2020-01-27,1581.94,1586.81,1575.81
2020-01-28,1566.24,1583.27,1565.65
2020-01-29,1577.12,1578.04,1563.21
2020-01-30,1574.21,1586.16,1572.65
2020-01-31,1590.2,1590.21,1570.84
2020-02-03,1576.45,1591.84,1571.29
2020-02-04,1552.56,1579.57,1549.14
2020-02-05,1556.7,1562.5,1547.4
2020-02-06,1566.85,1568.55,1552.46
2020-02-07,1570.29,1574.18,1562.39
2020-02-10,1572.3,1577.23,1568.01
2020-02-11,1567.71,1574.17,1562.29
2020-02-12,1565.63,1570.59,1561.8
2020-02-13,1576.39,1578.24,1565.53
2020-02-14,1584.7,1585.05,1573.12
2020-02-17,1581.1,1584.81,1578.6
2020-02-18,1601.92,1605.45,1583.09
2020-02-19,1611.64,1613.04,1599.53
2020-02-20,1619.7,1623.79,1603.98
2020-02-21,1643.7,1649.15,1618.94
2020-02-24,1660.72,1689.11,1652.37
2020-02-25,1635.38,1660.86,1629.1
2020-02-26,1639.96,1655.09,1625.79
2020-02-27,1642.35,1660.57,1635.65
2020-02-28,1585.13,1649.48,1565.86
2020-03-02,1590.73,1611.03,1579.7
2020-03-03,1639.77,1649.55,1587.86
2020-03-04,1635.83,1651.65,1632.06
2020-03-05,1670.61,1674.69,1635.07
2020-03-06,1674.23,1692.1,1648.12
2020-03-09,1680.2,1702.96,1657.74
2020-03-10,1649.36,1680.53,1642.15
2020-03-11,1635.03,1671.13,1632.97
2020-03-12,1577.08,1650.47,1561.01
2020-03-13,1529.7,1597.72,1506.86
2020-03-16,1514.61,1573.49,1451.5
2020-03-17,1528.57,1553.26,1465.81
2020-03-18,1486.3,1546.22,1472.86
2020-03-19,1471.0,1501.05,1464.18
2020-03-20,1498.24,1516.25,1460.3
2020-03-23,1553.81,1561.48,1485.1
2020-03-24,1622.03,1638.72,1553.41
2020-03-25,1613.79,1643.05,1587.2
2020-03-26,1632.39,1647.28,1595.84
2020-03-27,1623.5,1637.86,1612.22
2020-03-30,1623.3,1639.61,1608.72
2020-03-31,1571.31,1626.27,1566.23
2020-04-01,1595.05,1603.41,1566.97
2020-04-02,1613.79,1621.15,1579.04
2020-04-03,1618.45,1626.07,1606.3
2020-04-06,1663.0,1669.97,1597.5
2020-04-07,1648.95,1673.55,1641.89
2020-04-08,1646.52,1657.69,1641.94
2020-04-09,1684.07,1691.17,1643.1
2020-04-10,1689.9,1697.5,1676.0
2020-04-13,1714.32,1723.88,1674.87
2020-04-14,1729.7,1747.85,1708.55
2020-04-15,1716.6,1732.27,1707.71
2020-04-16,1718.4,1739.17,1707.88
2020-04-17,1684.69,1719.12,1679.37
2020-04-20,1694.11,1703.46,1671.49
2020-04-21,1687.02,1698.6,1661.39
2020-04-22,1714.82,1719.65,1680.09
2020-04-23,1731.58,1739.74,1706.26
2020-04-24,1729.43,1737.44,1710.21
2020-04-27,1715.57,1727.93,1705.68
2020-04-28,1708.64,1716.04,1691.63
2020-04-29,1712.39,1717.76,1697.55
2020-04-30,1685.05,1723.17,1680.64
2020-05-01,1700.41,1706.53,1670.06
2020-05-04,1701.69,1712.57,1691.84
2020-05-05,1707.17,1712.9,1691.45
2020-05-06,1685.89,1709.34,1682.28
2020-05-07,1717.94,1723.06,1683.5
2020-05-08,1702.65,1723.91,1701.06
2020-05-11,1697.35,1712.64,1691.59
2020-05-12,1702.72,1711.79,1693.17
2020-05-13,1715.99,1719.02,1698.81
2020-05-14,1730.65,1737.41,1710.51
2020-05-15,1743.0,1752.13,1727.93
2020-05-18,1732.32,1765.94,1727.2
2020-05-19,1745.11,1748.76,1725.66
2020-05-20,1749.5,1754.77,1741.89
2020-05-21,1726.33,1751.01,1717.1
2020-05-22,1736.07,1740.07,1723.62
2020-05-25,1729.57,1736.01,1721.45
2020-05-26,1712.45,1736.07,1708.3
2020-05-27,1709.26,1716.37,1693.82
2020-05-28,1719.4,1727.52,1707.11
2020-05-29,1728.3,1737.71,1712.53
2020-06-01,1740.33,1744.84,1727.26
2020-06-02,1727.96,1745.26,1721.4
2020-06-03,1698.64,1733.8,1689.54
2020-06-04,1711.83,1721.62,1696.9
2020-06-05,1685.83,1717.25,1670.74
2020-06-08,1697.96,1700.9,1677.52
2020-06-09,1714.57,1721.04,1692.2
2020-06-10,1737.1,1740.06,1708.47
2020-06-11,1727.51,1744.92,1721.58
2020-06-12,1730.8,1743.16,1722.57
2020-06-15,1725.53,1734.53,1704.31
2020-06-16,1727.46,1733.12,1716.43
2020-06-17,1727.04,1730.41,1713.22
2020-06-18,1722.99,1737.17,1717.57
2020-06-19,1743.61,1745.36,1721.18
2020-06-22,1755.44,1763.42,1743.27
2020-06-23,1767.54,1771.25,1747.43
2020-06-24,1762.43,1779.61,1760.8
2020-06-25,1761.81,1769.04,1755.49
2020-06-26,1771.47,1772.12,1747.67
2020-06-29,1772.28,1775.72,1765.78
2020-06-30,1781.67,1786.02,1765.35
2020-07-01,1770.31,1789.48,1759.27
2020-07-02,1776.14,1779.83,1757.68
2020-07-03,1775.05,1777.43,1772.48
2020-07-06,1783.9,1787.09,1770.13
2020-07-07,1795.26,1797.59,1773.79
2020-07-08,1810.78,1818.13,1791.62
2020-07-09,1803.19,1816.26,1795.82
2020-07-10,1798.9,1810.76,1794.28
2020-07-13,1803.39,1813.45,1798.01
2020-07-14,1807.79,1811.03,1791.46
2020-07-15,1811.9,1814.79,1802.72
2020-07-16,1797.05,1813.74,1795.02
2020-07-17,1809.9,1812.03,1795.11
2020-07-20,1816.09,1820.73,1805.6
2020-07-21,1842.22,1843.89,1815.57
2020-07-22,1872.07,1872.64,1840.75
2020-07-23,1887.44,1898.4,1862.8
2020-07-24,1901.46,1906.54,1881.56
2020-07-27,1942.42,1945.71,1899.73
2020-07-28,1959.51,1981.22,1907.7
2020-07-29,1970.73,1980.8,1944.97
2020-07-30,1960.5,1971.87,1939.67
2020-07-31,1975.9,1980.45,1955.4
2020-08-03,1977.26,1985.28,1960.4
2020-08-04,2018.07,2019.88,1968.5
2020-08-05,2039.4,2055.68,2009.77
2020-08-06,2063.19,2069.77,2034.71
2020-08-07,2034.62,2073.41,2015.55
2020-08-10,2027.26,2050.01,2019.41
2020-08-11,1911.25,2032.19,1901.69
2020-08-12,1917.82,1949.45,1864.3
2020-08-13,1953.03,1966.43,1912.93
2020-08-14,1943.76,1962.84,1932.65
2020-08-17,1986.45,1990.65,1929.74
2020-08-18,2000.95,2015.45,1977.84
2020-08-19,1929.54,2006.68,1924.82
2020-08-20,1942.6,1955.44,1925.12
2020-08-21,1939.4,1956.08,1911.65
2020-08-24,1932.45,1961.89,1924.01
2020-08-25,1927.94,1937.69,1914.42
2020-08-26,1953.45,1954.98,1902.77
2020-08-27,1928.91,1976.6,1910.22
2020-08-28,1964.49,1973.91,1923.7
2020-08-31,1969.75,1976.47,1954.58
2020-09-01,1970.14,1992.38,1963.2
2020-09-02,1942.62,1974.45,1932.76
2020-09-03,1930.52,1951.19,1921.99
2020-09-04,1932.45,1942.25,1916.67
2020-09-07,1928.82,1941.44,1924.57
2020-09-08,1930.93,1940.84,1906.67
2020-09-09,1946.66,1950.95,1920.2
2020-09-10,1954.07,1966.5,1941.42
2020-09-11,1941.5,1957.95,1937.42
2020-09-14,1956.37,1962.52,1937.46
2020-09-15,1955.52,1972.35,1948.64
2020-09-16,1959.32,1973.63,1949.89
2020-09-17,1942.6,1963.48,1932.99
2020-09-18,1949.69,1960.2,1941.79
2020-09-21,1912.57,1955.75,1883.21
2020-09-22,1899.28,1919.99,1894.93
2020-09-23,1863.55,1905.56,1855.77
2020-09-24,1868.04,1877.3,1848.45
2020-09-25,1860.05,1875.28,1852.59
2020-09-28,1880.85,1883.39,1849.19
2020-09-29,1897.69,1899.24,1875.56
2020-09-30,1885.44,1902.39,1881.31
2020-10-01,1905.05,1912.09,1884.48
2020-10-02,1898.7,1917.28,1889.57
2020-10-05,1912.9,1918.74,1886.81
2020-10-06,1877.13,1921.1,1874.57
2020-10-07,1887.22,1898.31,1873.05
2020-10-08,1893.09,1900.73,1881.86
2020-10-09,1929.43,1930.83,1893.32
2020-10-12,1921.95,1933.45,1918.19
2020-10-13,1890.82,1925.73,1886.59
2020-10-14,1900.89,1913.03,1882.44
2020-10-15,1907.82,1909.22,1889.46
2020-10-16,1898.97,1914.06,1897.59
2020-10-19,1904.27,1918.59,1897.09
2020-10-20,1906.39,1914.2,1894.74
2020-10-21,1924.49,1931.41,1907.94
2020-10-22,1904.04,1926.0,1894.8
2020-10-23,1900.79,1914.3,1894.54
2020-10-26,1901.69,1908.55,1890.9
2020-10-27,1906.83,1911.34,1897.47
2020-10-28,1877.06,1911.03,1869.59
2020-10-29,1867.13,1885.42,1859.67
2020-10-30,1877.95,1889.85,1864.64
2020-11-02,1895.1,1896.12,1873.21
2020-11-03,1908.36,1910.71,1886.81
2020-11-04,1903.21,1916.68,1883.15
2020-11-05,1948.56,1952.95,1902.43
2020-11-06,1951.51,1960.77,1935.4
2020-11-09,1861.86,1965.92,1850.36
2020-11-10,1876.5,1890.6,1860.3
2020-11-11,1864.71,1884.93,1856.05
2020-11-12,1875.76,1883.88,1862.46
2020-11-13,1888.04,1897.16,1873.76
2020-11-16,1888.52,1899.35,1864.74
2020-11-17,1878.6,1893.9,1877.69
2020-11-18,1871.41,1884.92,1863.94
2020-11-19,1867.37,1874.34,1852.48
2020-11-20,1870.49,1879.98,1860.66
2020-11-23,1835.85,1876.72,1830.85
2020-11-24,1807.51,1839.26,1800.69
2020-11-25,1805.3,1817.98,1801.33
2020-11-26,1810.57,1818.78,1805.31
2020-11-27,1788.13,1813.81,1773.93
